/*!40101 SET @OLD_CHARACTER_SET_CLIENT=@@CHARACTER_SET_CLIENT */;
/*!40101 SET @OLD_CHARACTER_SET_RESULTS=@@CHARACTER_SET_RESULTS */;
/*!40101 SET @OLD_COLLATION_CONNECTION=@@COLLATION_CONNECTION */;
/*!40101 SET NAMES utf8mb4 */;
/*!40014 SET @OLD_UNIQUE_CHECKS=@@UNIQUE_CHECKS, UNIQUE_CHECKS=0 */;
/*!40014 SET @OLD_FOREIGN_KEY_CHECKS=@@FOREIGN_KEY_CHECKS, FOREIGN_KEY_CHECKS=0 */;
/*!40101 SET @OLD_SQL_MODE=@@SQL_MODE, SQL_MODE='NO_AUTO_VALUE_ON_ZERO' */;
/*!40111 SET @OLD_SQL_NOTES=@@SQL_NOTES, SQL_NOTES=0 */;


CREATE TABLE `blogs` (
  `id` int NOT NULL AUTO_INCREMENT,
  `title` varchar(255) NOT NULL,
  `content` text CHARACTER SET utf8mb4 COLLATE utf8mb4_0900_ai_ci NOT NULL,
  `image` varchar(255) NOT NULL,
  `userId` int NOT NULL,
  `postId` int NOT NULL,
  `createdAt` datetime DEFAULT CURRENT_TIMESTAMP,
  `updatedAt` datetime DEFAULT CURRENT_TIMESTAMP,
  `status` varchar(255) DEFAULT NULL,
  `ban` varchar(255) CHARACTER SET utf8mb4 COLLATE utf8mb4_0900_ai_ci DEFAULT NULL,
  PRIMARY KEY (`id`),
  KEY `userId` (`userId`),
  KEY `postId` (`postId`),
  CONSTRAINT `blogs_ibfk_1` FOREIGN KEY (`userId`) REFERENCES `users` (`id`) ON DELETE CASCADE ON UPDATE CASCADE,
  CONSTRAINT `blogs_ibfk_2` FOREIGN KEY (`postId`) REFERENCES `posts` (`id`) ON DELETE CASCADE ON UPDATE CASCADE
) ENGINE=InnoDB AUTO_INCREMENT=42 DEFAULT CHARSET=utf8mb4 COLLATE=utf8mb4_0900_ai_ci;

CREATE TABLE `bookings` (
  `id` int NOT NULL AUTO_INCREMENT,
  `paymentMethod` varchar(255) CHARACTER SET utf8mb4 COLLATE utf8mb4_0900_ai_ci DEFAULT NULL,
  `serviceId` int DEFAULT NULL,
  `customerId` int DEFAULT NULL,
  `createdAt` datetime DEFAULT CURRENT_TIMESTAMP,
  `updatedAt` datetime DEFAULT CURRENT_TIMESTAMP,
  `status` varchar(255) DEFAULT NULL,
  `userId` int DEFAULT NULL,
  `serviceName` varchar(255) CHARACTER SET utf8mb4 COLLATE utf8mb4_0900_ai_ci NOT NULL,
  `note` varchar(255) DEFAULT NULL,
  `bookTime` time DEFAULT NULL,
  `bookDate` date DEFAULT NULL,
  `phoneNumber` varchar(255) CHARACTER SET utf8mb4 COLLATE utf8mb4_0900_ai_ci NOT NULL,
  `fullName` varchar(255) NOT NULL,
  `ban` varchar(255) DEFAULT NULL,
  PRIMARY KEY (`id`),
  KEY `serviceId` (`serviceId`),
  KEY `customerId` (`customerId`),
  KEY `userId` (`userId`),
  CONSTRAINT `bookings_ibfk_1` FOREIGN KEY (`serviceId`) REFERENCES `services` (`id`) ON DELETE CASCADE ON UPDATE CASCADE,
  CONSTRAINT `bookings_ibfk_2` FOREIGN KEY (`customerId`) REFERENCES `users` (`id`),
  CONSTRAINT `bookings_ibfk_3` FOREIGN KEY (`userId`) REFERENCES `users` (`id`) ON DELETE SET NULL ON UPDATE CASCADE
) ENGINE=InnoDB AUTO_INCREMENT=25 DEFAULT CHARSET=utf8mb4 COLLATE=utf8mb4_0900_ai_ci;

CREATE TABLE `deliveries` (
  `id` int NOT NULL AUTO_INCREMENT,
  `receiverName` varchar(255) CHARACTER SET utf8mb4 COLLATE utf8mb4_0900_ai_ci NOT NULL,
  `receiverAddress` varchar(255) CHARACTER SET utf8mb4 COLLATE utf8mb4_0900_ai_ci NOT NULL,
  `receiverPhone` int NOT NULL,
  `userId` int NOT NULL,
  `createdAt` datetime DEFAULT CURRENT_TIMESTAMP,
  `updatedAt` datetime DEFAULT CURRENT_TIMESTAMP,
  `status` varchar(255) DEFAULT NULL,
  PRIMARY KEY (`id`),
  KEY `userId` (`userId`),
  CONSTRAINT `deliveries_ibfk_1` FOREIGN KEY (`userId`) REFERENCES `users` (`id`) ON DELETE CASCADE ON UPDATE CASCADE
) ENGINE=InnoDB AUTO_INCREMENT=78 DEFAULT CHARSET=utf8mb4 COLLATE=utf8mb4_0900_ai_ci;

CREATE TABLE `discounts` (
  `id` int NOT NULL AUTO_INCREMENT,
  `code` varchar(255) NOT NULL,
  `value` float NOT NULL,
  `quantity` int NOT NULL,
  `expiredTime` datetime NOT NULL,
  `userId` int NOT NULL,
  `createdAt` datetime DEFAULT CURRENT_TIMESTAMP,
  `updatedAt` datetime DEFAULT CURRENT_TIMESTAMP,
  `status` varchar(255) DEFAULT NULL,
  `orderId` int DEFAULT NULL,
  PRIMARY KEY (`id`),
  KEY `userId` (`userId`),
  KEY `orderId` (`orderId`),
  CONSTRAINT `discounts_ibfk_1` FOREIGN KEY (`userId`) REFERENCES `orders` (`id`),
  CONSTRAINT `discounts_ibfk_2` FOREIGN KEY (`orderId`) REFERENCES `orders` (`id`) ON DELETE SET NULL ON UPDATE CASCADE
) ENGINE=InnoDB DEFAULT CHARSET=utf8mb4 COLLATE=utf8mb4_0900_ai_ci;

CREATE TABLE `feedbacks` (
  `id` int NOT NULL AUTO_INCREMENT,
  `content` varchar(255) NOT NULL,
  `star` int NOT NULL,
  `customerId` int NOT NULL,
  `serviceId` int NOT NULL,
  `productId` int NOT NULL,
  `createdAt` datetime DEFAULT CURRENT_TIMESTAMP,
  `updatedAt` datetime DEFAULT CURRENT_TIMESTAMP,
  `status` varchar(255) DEFAULT NULL,
  `userId` int DEFAULT NULL,
  PRIMARY KEY (`id`),
  KEY `customerId` (`customerId`),
  KEY `serviceId` (`serviceId`),
  KEY `productId` (`productId`),
  KEY `userId` (`userId`),
  CONSTRAINT `feedbacks_ibfk_1` FOREIGN KEY (`customerId`) REFERENCES `users` (`id`),
  CONSTRAINT `feedbacks_ibfk_2` FOREIGN KEY (`serviceId`) REFERENCES `services` (`id`) ON DELETE CASCADE ON UPDATE CASCADE,
  CONSTRAINT `feedbacks_ibfk_3` FOREIGN KEY (`productId`) REFERENCES `products` (`id`) ON DELETE CASCADE ON UPDATE CASCADE,
  CONSTRAINT `feedbacks_ibfk_4` FOREIGN KEY (`userId`) REFERENCES `users` (`id`) ON DELETE SET NULL ON UPDATE CASCADE
) ENGINE=InnoDB DEFAULT CHARSET=utf8mb4 COLLATE=utf8mb4_0900_ai_ci;

CREATE TABLE `messages` (
  `id` int NOT NULL AUTO_INCREMENT,
  `createdAt` datetime DEFAULT CURRENT_TIMESTAMP,
  `updatedAt` datetime DEFAULT CURRENT_TIMESTAMP,
  `status` varchar(255) DEFAULT NULL,
  `content` varchar(255) NOT NULL,
  `senderId` int NOT NULL,
  `roomName` varchar(255) NOT NULL,
  PRIMARY KEY (`id`),
  KEY `senderId` (`senderId`),
  CONSTRAINT `messages_ibfk_1` FOREIGN KEY (`senderId`) REFERENCES `users` (`id`) ON DELETE CASCADE ON UPDATE CASCADE
) ENGINE=InnoDB DEFAULT CHARSET=utf8mb4 COLLATE=utf8mb4_0900_ai_ci;

CREATE TABLE `notifications` (
  `id` int NOT NULL AUTO_INCREMENT,
  `content` varchar(255) NOT NULL,
  `userId` int NOT NULL,
  `createdAt` datetime DEFAULT CURRENT_TIMESTAMP,
  `updatedAt` datetime DEFAULT CURRENT_TIMESTAMP,
  `status` varchar(255) DEFAULT NULL,
  PRIMARY KEY (`id`),
  KEY `userId` (`userId`),
  CONSTRAINT `notifications_ibfk_1` FOREIGN KEY (`userId`) REFERENCES `users` (`id`) ON DELETE CASCADE ON UPDATE CASCADE
) ENGINE=InnoDB DEFAULT CHARSET=utf8mb4 COLLATE=utf8mb4_0900_ai_ci;

CREATE TABLE `orders` (
  `id` int NOT NULL AUTO_INCREMENT,
  `note` varchar(255) DEFAULT NULL,
  `paymentMethod` varchar(255) NOT NULL,
  `petId` int DEFAULT NULL,
  `userId` int NOT NULL,
  `deliveryId` int DEFAULT NULL,
  `createdAt` datetime DEFAULT CURRENT_TIMESTAMP,
  `updatedAt` datetime DEFAULT CURRENT_TIMESTAMP,
  `status` varchar(255) DEFAULT NULL,
  `ship` int DEFAULT NULL,
  PRIMARY KEY (`id`),
  KEY `petId` (`petId`),
  KEY `userId` (`userId`),
  KEY `deliveryId` (`deliveryId`),
  CONSTRAINT `orders_ibfk_1` FOREIGN KEY (`petId`) REFERENCES `pets` (`id`) ON DELETE CASCADE ON UPDATE CASCADE,
  CONSTRAINT `orders_ibfk_2` FOREIGN KEY (`userId`) REFERENCES `users` (`id`) ON DELETE CASCADE ON UPDATE CASCADE,
  CONSTRAINT `orders_ibfk_3` FOREIGN KEY (`deliveryId`) REFERENCES `deliveries` (`id`) ON DELETE SET NULL ON UPDATE CASCADE
) ENGINE=InnoDB AUTO_INCREMENT=316 DEFAULT CHARSET=utf8mb4 COLLATE=utf8mb4_0900_ai_ci;

CREATE TABLE `pets` (
  `id` int NOT NULL AUTO_INCREMENT,
  `petName` varchar(255) NOT NULL,
  `species` varchar(255) NOT NULL,
  `breed` varchar(255) NOT NULL,
  `age` int NOT NULL,
  `petPrice` float NOT NULL,
  `image` varchar(255) NOT NULL,
  `postId` int NOT NULL,
  `createdAt` datetime DEFAULT CURRENT_TIMESTAMP,
  `updatedAt` datetime DEFAULT CURRENT_TIMESTAMP,
  `status` varchar(255) DEFAULT NULL,
  `ban` varchar(255) CHARACTER SET utf8mb4 COLLATE utf8mb4_0900_ai_ci NOT NULL,
  PRIMARY KEY (`id`),
  KEY `postId` (`postId`),
  CONSTRAINT `pets_ibfk_1` FOREIGN KEY (`postId`) REFERENCES `posts` (`id`) ON DELETE CASCADE ON UPDATE CASCADE
) ENGINE=InnoDB AUTO_INCREMENT=103 DEFAULT CHARSET=utf8mb4 COLLATE=utf8mb4_0900_ai_ci;

CREATE TABLE `posts` (
  `id` int NOT NULL AUTO_INCREMENT,
  `content` varchar(255) NOT NULL,
  `userId` int NOT NULL,
  `createdAt` datetime DEFAULT CURRENT_TIMESTAMP,
  `updatedAt` datetime DEFAULT CURRENT_TIMESTAMP,
  `status` varchar(255) DEFAULT NULL,
  PRIMARY KEY (`id`),
  KEY `userId` (`userId`),
  CONSTRAINT `posts_ibfk_1` FOREIGN KEY (`userId`) REFERENCES `users` (`id`) ON DELETE CASCADE ON UPDATE CASCADE
) ENGINE=InnoDB AUTO_INCREMENT=338 DEFAULT CHARSET=utf8mb4 COLLATE=utf8mb4_0900_ai_ci;

CREATE TABLE `product_orders` (
  `id` int NOT NULL AUTO_INCREMENT,
  `orderId` int NOT NULL,
  `productId` int NOT NULL,
  `quantity` int NOT NULL DEFAULT '1',
  `createdAt` datetime NOT NULL,
  `updatedAt` datetime NOT NULL,
  PRIMARY KEY (`id`),
  KEY `orderId` (`orderId`),
  KEY `productId` (`productId`),
  CONSTRAINT `product_orders_ibfk_1` FOREIGN KEY (`orderId`) REFERENCES `orders` (`id`) ON DELETE CASCADE ON UPDATE CASCADE,
  CONSTRAINT `product_orders_ibfk_2` FOREIGN KEY (`productId`) REFERENCES `products` (`id`) ON DELETE CASCADE ON UPDATE CASCADE
) ENGINE=InnoDB AUTO_INCREMENT=243 DEFAULT CHARSET=utf8mb4 COLLATE=utf8mb4_0900_ai_ci;

CREATE TABLE `products` (
  `id` int NOT NULL AUTO_INCREMENT,
  `productName` varchar(255) NOT NULL,
  `typeOfPet` varchar(255) NOT NULL,
  `typeofProduct` varchar(255) CHARACTER SET utf8mb4 COLLATE utf8mb4_0900_ai_ci DEFAULT NULL,
  `image` varchar(255) CHARACTER SET utf8mb4 COLLATE utf8mb4_0900_ai_ci DEFAULT NULL,
  `quantity` int NOT NULL,
  `price` float NOT NULL,
  `size` varchar(255) DEFAULT NULL,
  `postId` int NOT NULL,
  `createdAt` datetime DEFAULT CURRENT_TIMESTAMP,
  `updatedAt` datetime DEFAULT CURRENT_TIMESTAMP,
  `status` varchar(255) DEFAULT NULL,
  `ban` varchar(255) CHARACTER SET utf8mb4 COLLATE utf8mb4_0900_ai_ci NOT NULL,
  `sold` int DEFAULT NULL,
  `expiredDate` date DEFAULT NULL,
  PRIMARY KEY (`id`),
  KEY `postId` (`postId`),
  CONSTRAINT `products_ibfk_1` FOREIGN KEY (`postId`) REFERENCES `posts` (`id`) ON DELETE CASCADE ON UPDATE CASCADE
) ENGINE=InnoDB AUTO_INCREMENT=152 DEFAULT CHARSET=utf8mb4 COLLATE=utf8mb4_0900_ai_ci;

CREATE TABLE `services` (
  `id` int NOT NULL AUTO_INCREMENT,
  `serviceName` varchar(255) NOT NULL,
  `servicePrice` float NOT NULL,
  `postId` int NOT NULL,
  `createdAt` datetime DEFAULT CURRENT_TIMESTAMP,
  `updatedAt` datetime DEFAULT CURRENT_TIMESTAMP,
  `status` varchar(255) DEFAULT NULL,
  `content` varchar(255) CHARACTER SET utf8mb4 COLLATE utf8mb4_0900_ai_ci NOT NULL,
  `image` varchar(255) NOT NULL,
  `ban` varchar(255) DEFAULT NULL,
  PRIMARY KEY (`id`),
  UNIQUE KEY `serviceName` (`serviceName`),
  KEY `postId` (`postId`),
  CONSTRAINT `services_ibfk_1` FOREIGN KEY (`postId`) REFERENCES `posts` (`id`) ON DELETE CASCADE ON UPDATE CASCADE
) ENGINE=InnoDB AUTO_INCREMENT=30 DEFAULT CHARSET=utf8mb4 COLLATE=utf8mb4_0900_ai_ci;

CREATE TABLE `users` (
  `id` int NOT NULL AUTO_INCREMENT,
  `email` varchar(255) NOT NULL,
  `userName` varchar(255) DEFAULT NULL,
  `fullName` varchar(255) DEFAULT NULL,
  `password` varchar(255) NOT NULL,
  `role` varchar(255) NOT NULL DEFAULT 'US',
  `dob` date DEFAULT NULL,
  `gender` varchar(255) DEFAULT NULL,
  `phoneNumber` varchar(255) DEFAULT NULL,
  `address` varchar(255) DEFAULT NULL,
  `rate` float DEFAULT NULL,
  `avatar` varchar(255) DEFAULT NULL,
  `createdAt` datetime DEFAULT CURRENT_TIMESTAMP,
  `updatedAt` datetime DEFAULT CURRENT_TIMESTAMP,
  `status` varchar(255) DEFAULT NULL,
  `bio` varchar(255) DEFAULT NULL,
  `ban` varchar(255) DEFAULT NULL,
  `STK` varchar(255) CHARACTER SET utf8mb4 COLLATE utf8mb4_0900_ai_ci NOT NULL,
  `bank` varchar(255) DEFAULT NULL,
  PRIMARY KEY (`id`),
  UNIQUE KEY `email` (`email`)
) ENGINE=InnoDB AUTO_INCREMENT=82 DEFAULT CHARSET=utf8mb4 COLLATE=utf8mb4_0900_ai_ci;

INSERT INTO `blogs` (`id`, `title`, `content`, `image`, `userId`, `postId`, `createdAt`, `updatedAt`, `status`, `ban`) VALUES
(31, 'Những đồ cần chuẩn bị khi nuôi mèo', '<h2 class=\"ql-align-justify\"><strong class=\"ql-font-monospace\">Những đồ cần chuẩn bị khi nuôi mèo:</strong></h2><h3 class=\"ql-align-justify\"><strong class=\"ql-font-monospace\">Chỗ vệ sinh cho bé</strong></h3><p class=\"ql-align-justify\"><span class=\"ql-font-monospace\">Nếu nhà bạn có vườn thì có thể bỏ qua vật dụng này, còn nếu không thì nhất định phải chuẩn bị trước. Bạn có thể dễ dàng tìm mua các loại khay hoặc nhà vệ sinh khác nhau cho các bé.&nbsp;Nhà vệ sinh có nắp có thể hạn chế mùi hôi và cát bị văng ra ngoài nhưng không phải chú mèo nào cũng sẽ thích nhà vệ sinh. Với các bé mèo còn bé thì khay vệ sinh sẽ thoải mái cho các bé hơn, bạn cần quan sát và xem phản ứng của chú mèo để tìm ra kiểu dáng nhà vệ sinh thích hợp.</span></p><p class=\"ql-align-justify\"><span class=\"ql-font-monospace\">Sau khi có khay hoặc nhà vệ sinh, bạn cần có cát để có thể dễ dàng loại bỏ chất thải. Hiện nay trên thị trường có rất nhiều loại cát khác nhau từ cao cấp cho tới bình dân, giá rẻ. Tuy nhiên các loại giá rẻ thì thường khử mùi không tốt và khá bụi khi bạn dọn dẹp. Một số loại cát thông dụng rất được ưu chuộng hiện nay như Cát Like, Cát Litter, Cát Nhật… bởi giá thành hợp lý (tầm 50k túi 8L) khử mùi tốt và không bụi.</span></p><h3 class=\"ql-align-justify\"><strong style=\"color: rgb(51, 51, 51);\" class=\"ql-font-monospace\">Thức ăn cho mèo</strong></h3><p class=\"ql-align-justify\"><span class=\"ql-font-monospace\">Có 3 loại thức ăn chính dành cho các bé mèo:</span></p><p class=\"ql-align-justify\"><span class=\"ql-font-monospace\">1.Hạt dễ cho ăn và tiết kiệm thời gian phù hợp với các bạn đi làm, không có nhiều thời gian cho các bé. Tuy nhiên, lâu dài bạn cũng nên trộn hạt với pate và nước để các bé không bị sỏi thận.</span></p><p class=\"ql-align-justify\"><span style=\"color: rgb(51, 51, 51);\" class=\"ql-font-monospace\">2.Pate, thông thường các bé mèo rất thích pate. Bạn có thể trộn với cơm hoặc hạt để tạo cảm giác thèm ăn cho mèo mà cũng đỡ kinh phí.</span></p><p class=\"ql-align-justify\"><span style=\"color: rgb(51, 51, 51);\" class=\"ql-font-monospace\">3.Cơm, vâng mèo có thể ăn cơm các bạn nhé, nhưng các chú thường không thích nên bạn phải cho thêm thịt, cá , pate,.. Loại này cũng không nên cho ăn nhiều vì mèo không tiêu hoá được hết chất trong cơm.&nbsp;</span></p><p class=\"ql-align-justify\"><span class=\"ql-font-monospace\">*LƯU Ý : nên thay đổi thức ăn cho mèo vì mèo cũng như người cũng có lúc chán ăn. Khi thay đổi thức ăn thì nên thay đổi từ từ vì mèo khác người nên khi thay ngay lập tức sẽ bị tiêu chảy.&nbsp;</span></p><p class=\"ql-align-justify\"><span class=\"ql-font-monospace\">Ví dụ: đang cho 100% hạt muốn chuyển sang cơm thì phải trộn 80% hạt và 20% cơm. Cứ thế 2 ngày lại thay thêm 20% cơm vào đến khi toàn khẩu phần là cơm.&nbsp;</span></p><h3 class=\"ql-align-justify\"><strong style=\"color: rgb(51, 51, 51);\" class=\"ql-font-monospace\">Bàn cào móng và đồ cắt móng</strong></h3><p class=\"ql-align-justify\"><span class=\"ql-font-monospace\">Đây cũng là những vật dụng không thể thiếu nếu không muốn bị mèo cào vào sofa hoặc các vật dụng trong nhà như mền, gối…</span></p><h3 class=\"ql-align-justify\"><strong style=\"color: rgb(51, 51, 51);\" class=\"ql-font-monospace\">Đồ chơi cho các bé</strong></h3><p class=\"ql-align-justify\"><span class=\"ql-font-monospace\">Nhất là các bé mới về, thường khó gần và hay sợ hãi, các bạn cần sắm một số đồ chơi để có thể chơi đùa và làm thân với các bé khi mới về nhà.</span></p><h3 class=\"ql-align-justify\"><strong class=\"ql-font-monospace\">Lồng, Balo vận chuyển</strong></h3><p class=\"ql-align-justify\"><span class=\"ql-font-monospace\">Rất nguy hiểm nếu di chuyển mèo mà không có lồng, balo túi vận chuyển. Vì vậy, bạn cần chuẩn bị lồng hoặc balo túi vận chuyển để chứa vừa chú mèo của bạn.</span></p><h3 class=\"ql-align-justify\"><strong style=\"color: rgb(51, 51, 51);\" class=\"ql-font-monospace\">Một số vật dụng khác</strong></h3><p class=\"ql-align-justify\"><span class=\"ql-font-monospace\">Ngoài 5 đồ thiết yếu kể trên, khi nuôi mèo các bạn có thể sắm thêm cho các bé như: quần áo, vòng cổ, dây dắt cho các bé đi chơi, lược chải lông, sữa tắm…</span></p><ul><li class=\"ql-align-justify\"><span class=\"ql-font-monospace\">Cát like 8L : 50.000đ/ Loại 15L: 95.000đ</span></li><li class=\"ql-align-justify\"><span class=\"ql-font-monospace\">Khay vệ sinh kèm xẻng(40x30x12cm): 99.000đ</span></li><li class=\"ql-align-justify\"><span class=\"ql-font-monospace\">Thức ăn cho mèo con whiskas junior 450g: 60.000đ</span></li><li class=\"ql-align-justify\"><span class=\"ql-font-monospace\">Bàn cào móng: 60.000đ</span></li><li class=\"ql-align-justify\"><span class=\"ql-font-monospace\">Cần câu mèo: 24.000đ</span></li><li class=\"ql-align-justify\"><span class=\"ql-font-monospace\">Balo vận chuyển: 230.000đ</span></li><li class=\"ql-align-justify\"><span class=\"ql-font-monospace\">Túi vận chuyển : 120.000đ(size L &lt;7kg), 110.000đ (Size M&lt;5), 100.000đ (Size S &lt;2kg)</span></li></ul><p class=\"ql-align-justify\"><strong class=\"ql-font-monospace\">=&gt; Mua combo ( balo túi vận chuyển): 500.000đ</strong></p><p class=\"ql-align-justify\"><strong class=\"ql-font-monospace\">=&gt; Mua combo ( túi vận chuyển): 400.000đ</strong></p><p class=\"ql-align-justify\"><strong class=\"ql-font-monospace\">ĐẶC BIỆT:</strong></p><ul><li class=\"ql-align-justify\"><em class=\"ql-font-monospace\">Miễn phí vận chuyển với các đơn hàng combo trong nội thành Hà Nội.</em></li><li class=\"ql-align-justify\"><em class=\"ql-font-monospace\">Hỗ trợ VẬN CHUYỂN 20k cho đơn từ 50k và 70k cho đơn từ 300k</em></li></ul><p><br></p>', './public/blogImages/1701010702388_Những-đồ cần chuẩn bị khi nuôi mèo.jpeg', 45, 321, '2023-11-26 14:58:22', '2023-11-26 15:07:41', 'accepted', NULL);
INSERT INTO `blogs` (`id`, `title`, `content`, `image`, `userId`, `postId`, `createdAt`, `updatedAt`, `status`, `ban`) VALUES
(32, 'Poodle ăn hoa quả gì để tốt cho sức khỏe', '<p class=\"ql-align-justify\"><span class=\"ql-font-monospace\">Như chúng ta đã biết hoa quả rất tốt và quan trọng với sức khỏe con người, nó cũng là một trong những thứ bổ dưỡng mà chúng ta có thể ăn hàng ngày. Và bạn có biết không, hoa quả cũng là một thực phẩm ngon và bổ dưỡng có lợi cho sức khỏe của thú cưng.</span></p><p class=\"ql-align-justify\"><span class=\"ql-font-monospace\">Nhiều người cho rằng đồ ăn có lợi cho chúng ta thì cũng sẽ phù hợp cho thú cưng của mình, nên chúng ta thường chia sẻ đồ mình ăn với các bé. Tuy nhiên với Poddle có một số loại đồ ăn, hoa quả rất có lợi cho các bé, nếu cho chúng ăn sẽ rất tốt.</span></p><h2 class=\"ql-align-justify\"><strong class=\"ql-font-monospace\">Chó Poodle ăn hoa quả gì để tốt cho sức khỏe?</strong></h2><p class=\"ql-align-justify\"><span class=\"ql-font-monospace\">Một số loại trái cây và rau tốt nhất cho chó Poodle có thể kể tới như:</span></p><p class=\"ql-align-justify\"><span class=\"ql-font-monospace\">Táo: Đây là một nguồn Vitamin A &amp; C tuyệt vời và chứa đầy chất xơ giúp cho hệ thống tiêu hóa của chú chó hoạt động hiệu quả.&nbsp;</span></p><p class=\"ql-align-justify\"><span class=\"ql-font-monospace\">Chuối: Giàu kali, vitamin và đồng. Ngoài ra, chuối đặc biệt có hương vị thơm ngon. Tuy nhiên, do hàm lượng đường cao nên hạn chế cho thú cưng của bạn ăn quá nhiều hoặc ăn quá nhiều lần.</span></p><p class=\"ql-align-justify\"><span class=\"ql-font-monospace\">Quả việt quất: Quả việt quất chứa đầy chất chống oxy hóa và chất xơ, có thể giúp bảo vệ thú cưng của bạn khỏi bệnh ung thư.</span></p><p class=\"ql-align-justify\"><span class=\"ql-font-monospace\">Bông cải xanh: Loại rau xanh đậm này rất an toàn đối với thú cưng của bạn. Nhưng chỉ nên cho ăn với số lượng rất nhỏ, vì ăn nhiều có thể dẫn tới tiêu chảy.</span></p><p class=\"ql-align-justify\"><span class=\"ql-font-monospace\">Dưa lưới: Cũng tốt cho Poodle tuy nhiên do nó có nhiều đường tự nhiên nên hãy hạn chế cho ăn nhiều.</span></p><p class=\"ql-align-justify\"><span class=\"ql-font-monospace\">Cà rốt: Cà rốt chứa nhiều vitamin và chất xơ. Chất xơ có thể giúp đánh bay cao răng, giữ cho miệng của thú cưng luôn thơm tho, sạch sẽ cả ngày.</span></p><p class=\"ql-align-justify\"><span class=\"ql-font-monospace\">Rau cần tây: Tương tự như cà rốt, cần tây là một loại rau có hàm lượng calo, chứa chất xơ và giúp làm sạch cao răng rất tốt.</span></p><p class=\"ql-align-justify\"><span class=\"ql-font-monospace\">Dưa leo: Dưa chuột là an toàn một bữa ăn nhẹ ít calo an toàn cho chó. Tuy nhiên, đừng cho chó con ăn quá nhiều, vì nó có thể gây khó chịu cho dạ dày của chúng.</span></p><p class=\"ql-align-justify\"><span class=\"ql-font-monospace\">Đậu xanh: Đậu xanh tươi chứa đầy sắt và vitamin, làm cho chúng trở thành một lựa chọn lành mạnh cho chú chó của bạn. Hãy nhớ chỉ cho con bạn ăn đậu xanh tươi, vì những sản phẩm đóng hộp thường có thêm muối.</span></p><p class=\"ql-align-justify\"><span class=\"ql-font-monospace\">Trái xoài: Đừng quên loại bỏ hột xoài trước khi cho Poodle của bạn ăn vì trong hột xoài có chứa chất độc xyanua và có khả năng khiến con chó của bạn bị nghẹn.</span></p><p class=\"ql-align-justify\"><span class=\"ql-font-monospace\">Quả cam: Chúng nên được bóc vỏ, bỏ hạt để tránh nguy cơ nghẹt thở.</span></p><p class=\"ql-align-justify\"><span class=\"ql-font-monospace\">Đào: Chỉ cần bỏ hạt và cho bé yêu của bạn thưởng thức.</span></p><p class=\"ql-align-justify\"><span class=\"ql-font-monospace\">Lê: Đừng quên bỏ hạt và phần lõi cứng bên trong.</span></p><p class=\"ql-align-justify\"><span class=\"ql-font-monospace\">Khoai tây: Nếu con chó của bạn dễ bị đau bụng, một lựa chọn tốt cho bữa ăn là thịt gà luộc và khoai tây trộn đều với nhau.</span></p><h2 class=\"ql-align-justify\"><strong class=\"ql-font-monospace\">Những loại hoa quả không nên cho Poodle ăn</strong></h2><p class=\"ql-align-justify\"><span class=\"ql-font-monospace\">Poodle là loài ăn tạp nên chúng có thể ăn được nhiều loại trái cây hoa quả khác nhau. Tuy nhiên bạn cần tránh một số loại trái cây và rau quả phổ biến như tỏi, hành tây, nấm, bơ có thể độc hại.</span></p><p class=\"ql-align-justify\"><span class=\"ql-font-monospace\">Bổ sung vào bữa ăn hàng ngày của các bé những loại hoa quả trên để chúng có thể sinh trưởng, phát triển và luôn khỏe mạnh. Tuy nhiên với một số bạn bận rộn việc cho thú cưng ăn đầy đủ lại khá khó khăn. Nhưng bạn đừng lo lắng, hiện nay các loại thức ăn bán sẵn, thức ăn dạng hạt cũng cung cấp đầy đủ chất dịnh dưỡng có trong rau củ quả, phù hợp cho các bé.&nbsp;</span></p>', './public/blogImages/1701010776087_Poodle-ăn hoa quả gì để tốt cho sức khỏe.jpeg', 45, 322, '2023-11-26 14:59:35', '2023-11-26 15:07:37', 'accepted', NULL);
INSERT INTO `blogs` (`id`, `title`, `content`, `image`, `userId`, `postId`, `createdAt`, `updatedAt`, `status`, `ban`) VALUES
(33, 'Cách xử lý lông cho trắng bị ố vàng', '<h2 class=\"ql-align-justify\"><strong class=\"ql-font-monospace\">Tại sao lông chó trắng thường bị ố vàng?</strong></h2><p class=\"ql-align-justify\"><span class=\"ql-font-monospace\">Theo thời gian lông các chú chó thường bị ố vàng nhưng những chú chó có bộ lông màu trắng sẽ dễ dàng nhận biết hơn so với những chú chó có màu lông khác. Vậy nguyên nhân vì sao các chú chó thường bị như vậy?</span></p><p class=\"ql-align-justify\"><span class=\"ql-font-monospace\">– Màu ố vàng thường do các chất tự nhiên gọi là porphyrin, có trong nước mắt và nước bọt của chó gây nên. Chính vì vậy các vết ố vàng này thường xuất hiện ở vùng mắt và vùng miệng.&nbsp;</span></p><p class=\"ql-align-justify\"><span class=\"ql-font-monospace\">– Tiếp đến là nguyên nhân do đặc tính của loài chó là thích liếm lông. Khi các chú chó liếm lông, nước bọt từ miệng sẽ theo đó lên toàn bộ bộ lông gây lên màu ố vàng 🙁&nbsp;</span></p><p class=\"ql-align-justify\"><span class=\"ql-font-monospace\">Chính vì những nguyên nhân trên nếu chủ nuôi để chó vui đùa, lấm bẩn nhưng không thường xuyên tắm rửa cho chúng, lâu ngày sẽ tích tụ gây ra hiện tượng ố vàng từng vùng thường thấy ở chó.</span></p><h2 class=\"ql-align-justify\"><strong class=\"ql-font-monospace\">Làm thế nào để khắc phục tình trạng lông chó bị ố vàng</strong></h2><p class=\"ql-align-justify\"><span class=\"ql-font-monospace\">Nếu bạn có một chú chó có bộ lông màu trắng, sẽ rất có khăn để có thể giữ được chúng luôn trắng sạch. Tuy nhiên, bạn có thể khắc phục và cải thiện tình trạng này bằng một cách đơn giản, hiệu quả ngay tại nhà sau đây:</span></p><h3 class=\"ql-align-justify\"><strong class=\"ql-font-monospace\">Tắm rửa thường xuyên&nbsp;</strong></h3><p class=\"ql-align-justify\"><span class=\"ql-font-monospace\">Thường xuyên tắm rửa để loại bỏ những bụi bẩn, những vết ố màu trên bộ lông của thú cưng. Tắm cho chó bằng loại sữa tắm chuyên dụng dành cho chó có bộ lông màu trắng như&nbsp;</span><a href=\"https://nhameoshop.com/san-pham/sua-tam-cho-meo-sos/\" rel=\"noopener noreferrer\" target=\"_blank\" style=\"color: rgb(51, 72, 98); background-color: transparent;\" class=\"ql-font-monospace\">sữa tắm SOS</a><span class=\"ql-font-monospace\">&nbsp;… Gội và massage nhẹ sau đó rửa sạch bằng nước cho đến khi loại bỏ hoàn toàn dầu trên lông chó.</span></p><p class=\"ql-align-justify\"><span class=\"ql-font-monospace\">Sau khi tắm xong, cần làm sạch bộ lông cho các bé trước khi để chúng chạy nhảy vui đùa, vì nếu lông còn ướt sẽ rất dễ dính bụi bẩn.</span></p><h3 class=\"ql-align-justify\"><strong class=\"ql-font-monospace\">Chăm sóc bộ lông thường xuyên</strong></h3><p class=\"ql-align-justify\"><span class=\"ql-font-monospace\">Chăm sóc bộ lông cho chú chó của bạn hằng ngày bằng cách chải lông thường xuyên bằng các dụng cụ chuyên dụng giúp chúng luôn bóng mượt và sạch sẽ. Chải lông thường xuyên giúp loại bỏ bụi bẩn, ngoài ra còn còn giúp kích thích các loại dầu trên da, góp phần tạo nên bộ lông sáng bóng và khỏe mạnh. Việc chải lông thường xuyên cũng là cách loại bỏ lông bệnh và giúp cho bé có bộ lông trắng sáng hơn.</span></p><p class=\"ql-align-justify\"><span class=\"ql-font-monospace\">Để duy trì bộ lông chó luôn được sạch sẽ thì bạn có thể sử dụng thêm tinh bột bắp. Đây là một giải pháp tự nhiên, giúp chó hấp thụ dầu dư thừa, che phủ đi vết bẩn. Nó hoạt động như thuốc tẩy, loại bỏ mùi hôi khó chịu từ lông. Bạn có thể rắc bột bắp lên khắp bộ lông chó sau đó chà và chải lông bằng tay của bạn, nhẹ nhàng massage&nbsp;</span></p><h3 class=\"ql-align-justify\"><strong class=\"ql-font-monospace\">Giữ sạch sẽ râu, vùng sinh dục và tuyến lệ</strong></h3><p class=\"ql-align-justify\"><span class=\"ql-font-monospace\">Râu, tuyến lệ và vùng sinh dục thường là những vùng hay bị ố vàng và nhiễm khuẩn nhiều nhất. Vì vậy khu vực này cần được vệ sịnh cẩn thận như sau:</span></p><p class=\"ql-align-justify\"><span class=\"ql-font-monospace\">– Rửa mắt chó hằng ngày bằng nước sạch hoặc nước chuyên dụng rửa mặt cho thú cưng để chống trình trạng oxy hóa.</span></p><p class=\"ql-align-justify\"><span class=\"ql-font-monospace\">– Đối với bộ phận sinh dục hãy làm sạch khu vực này bằng khăn lau mềm, điều này giúp ngăn ngừa bụi bẩn bám trên lông.</span></p><p class=\"ql-align-justify\"><span class=\"ql-font-monospace\">– Râu và vùng lông quanh mép sẽ thường bị bẩn sau mỗi bữa ăn vì vậy sau mỗi bữa ăn nên làm khô râu để giữ vệ sinh cho chó luôn được sạch sẽ.</span></p><h3 class=\"ql-align-justify\"><strong class=\"ql-font-monospace\">Chế độ ăn uống hợp lý</strong></h3><p class=\"ql-align-justify\"><span class=\"ql-font-monospace\">Để thú cưng có một bộ lông chắc khỏe, trắng sáng bạn cần cung cấp một chế độ ăn uống lành mạnh, cung cấp các loại thức ăn có chứa nhiều các axit béo omega-3, omega-6 cũng như vitamin B.&nbsp;</span></p><p class=\"ql-align-justify\"><span class=\"ql-font-monospace\">Ngoài ra, một mẹo khá hay mà bạn có thể giúp lông chó luôn chắc khỏe và suôn mượt đó chính là cho chúng ăn trứng lộn. Mỗi tuần chỉ cần cho chúng ăn khoảng 2 trứng là có thể cải thiện đáng kể bộ lông của chó.</span></p><p class=\"ql-align-justify\"><span class=\"ql-font-monospace\">Lông chó nếu bị ố vàng lâu ngày sẽ khó có thể trở lại được như cũ nhất là đối với thú cưng có bộ lông màu trắng. Bộ lông của thú cưng bị ố vàng sẽ không chỉ kém thẩm mỹ, mà còn làm bé yêu của bạn mất vẻ đáng yêu vốn có.</span></p>', './public/blogImages/1701010848558_Cách-xử lý lông cho trắng bị ố vàng.jpeg', 45, 323, '2023-11-26 15:00:48', '2023-11-26 15:07:33', 'accepted', NULL);
INSERT INTO `blogs` (`id`, `title`, `content`, `image`, `userId`, `postId`, `createdAt`, `updatedAt`, `status`, `ban`) VALUES
(34, 'Lợi ích của việc nuôi thú cưng', '<p class=\"ql-align-justify\"><span style=\"background-color: rgb(255, 255, 255); color: rgb(119, 119, 119);\" class=\"ql-font-monospace\">Việc sở hữu một vật nuôi mang lại cho bạn rất nhiều lợi ích, đặc biệt là về sức khỏe. Nuôi thú cưng không chỉ giúp bạn giảm huyết áp, giảm mức cholesterol mà mức chất béo trung tính mà còn có thể giúp bạn giảm bớt sự cô đơn và tránh trầm cảm. Bởi vô vàn những lợi ích của việc nuôi thú cưng nên nhiều hộ gia đình hiện nay tại Việt Nam đều có ít nhất một loại thú cưng cho riêng họ.</span></p><h2 class=\"ql-align-justify\"><strong class=\"ql-font-monospace\">Lợi ích của việc nuôi thú cưng bao gồm những gì?</strong></h2><p class=\"ql-align-justify\"><span class=\"ql-font-monospace\">Các nghiên cứu đã chỉ ra rằng sự gắn kết giữa con người và thú cưng của họ có thể làm tăng thể lực, giảm căng thẳng và mang lại hạnh phúc cho chủ nhân của chúng. Một số lợi ích sức khỏe của việc sở hữu thú cưng có thể kể tới như:</span></p><ul><li class=\"ql-align-justify\"><span class=\"ql-font-monospace\">Giảm huyết áp</span></li><li class=\"ql-align-justify\"><span class=\"ql-font-monospace\">Giảm mức cholesterol</span></li><li class=\"ql-align-justify\"><span class=\"ql-font-monospace\">Giảm mức chất béo trung tính</span></li><li class=\"ql-align-justify\"><span class=\"ql-font-monospace\">Giảm đau (khi chơi với chúng, bạn sẽ quên mất cảm giác đau)</span></li><li class=\"ql-align-justify\"><span class=\"ql-font-monospace\">Giảm cảm giác cô đơn</span></li><li class=\"ql-align-justify\"><span class=\"ql-font-monospace\">Tăng cơ hội tập thể dục và các hoạt động ngoài trời</span></li><li class=\"ql-align-justify\"><span class=\"ql-font-monospace\">Tăng cơ hội xã hội hóa</span></li></ul><h2 class=\"ql-align-justify\"><strong class=\"ql-font-monospace\">Lời khuyên về cách chăm sóc và chung sống với thú cưng an toàn</strong></h2><p class=\"ql-align-justify\"><span class=\"ql-font-monospace\">Bên cạnh những lợi ích của việc nuôi thú cưng thì đôi khi vật nuôi cũng có thể mang mầm bệnh gây hại cho người ngay cả khi nó có vẻ khỏe mạnh. Những căn bệnh mà con người mắc phải từ động vật được gọi là bệnh zoonotic . Dưới đây là một số lời khuyên để giúp bạn và gia đình bạn luôn khỏe mạnh trong khi nuôi dưỡng và sống chung với thú cưng nhé.</span></p><p class=\"ql-align-justify\"><span class=\"ql-font-monospace\">Trước khi nhận nuôi một thú cưng mới, hãy chắc chắn rằng đó là một con phù hợp với bạn và gia đình bạn. Tự hỏi bản thân những câu hỏi trước sở hữu một chú chó hay chú mèo nhé:</span></p><ul><li class=\"ql-align-justify\"><span class=\"ql-font-monospace\">Con vật này sẽ sống được bao lâu?</span></li><li class=\"ql-align-justify\"><span class=\"ql-font-monospace\">Thú cưng ăn gì?</span></li><li class=\"ql-align-justify\"><span class=\"ql-font-monospace\">Nó sẽ lớn đến mức nào?</span></li><li class=\"ql-align-justify\"><span class=\"ql-font-monospace\">Chi phí chăm sóc thú y là bao nhiêu?</span></li><li class=\"ql-align-justify\"><span class=\"ql-font-monospace\">Bản thân có đủ thời gian để chăm sóc và dọn dẹp chất thải của chúng một cách sạch sẽ không?</span></li><li class=\"ql-align-justify\"><span class=\"ql-font-monospace\">Có trẻ nhỏ, người già, hoặc những người có hệ thống miễn dịch yếu thì có nên mua thú cưng không?</span></li></ul><p class=\"ql-align-justify\"><span class=\"ql-font-monospace\">Thông thường thì trẻ em từ 5 tuổi trở xuống và những người từ 65 tuổi trở lên sẽ có hệ thống miễn dịch yếu. Bởi vậy, họ có nhiều khả năng mắc các bệnh lây lan giữa động vật và người (còn gọi là bệnh zoonotic). Phụ nữ mang thai cũng có nguy cơ cao hơn đối với một số bệnh liên quan đến động vật.</span></p><h2 class=\"ql-align-justify\"><strong class=\"ql-font-monospace\">Trước khi có một thú cưng mới, hãy ghi nhớ những điều sau:</strong></h2><p class=\"ql-align-justify\"><span class=\"ql-font-monospace\">Những người có hệ miễn dịch yếu nên có biện pháp phòng ngừa khi bắt đầu nuôi thú cưng. Hãy tham khảo ý kiến của bác sĩ thú y về việc lựa chọn thú cưng.</span></p><p class=\"ql-align-justify\"><span class=\"ql-font-monospace\">Phụ nữ mang thai nên tránh nhận nuôi một con mèo mới, đặc biệt là mèo con. Mèo có thể mang ký sinh trùng gây bệnh toxoplasmosis, một căn bệnh có thể gây dị tật bẩm sinh. Nếu bạn đang mang thai, bạn có thể nuôi những con mèo trước đó nhưng để mua thêm hoặc nuôi thêm một con mới hoàn toàn thì không</span></p><p class=\"ql-align-justify\"><strong class=\"ql-font-monospace\">Rửa tay thường xuyên:</strong></p><p class=\"ql-align-justify\"><span class=\"ql-font-monospace\">Cho dù bạn đang chơi, cho ăn, hoặc dọn dẹp chất thải của thú cưng thì điều quan trọng là phải rửa tay với xà phòng ngay lập tức để giúp giảm nguy cơ bị bệnh từ vi trùng mà thú cưng có thể mang theo.</span></p><p class=\"ql-align-justify\"><strong class=\"ql-font-monospace\">Giữ sức khỏe xung quanh thú cưng:</strong></p><p class=\"ql-align-justify\"><span class=\"ql-font-monospace\">Cho dù bạn đang nuôi chó hay mèo thì việc chăm sóc thú y thường xuyên, suốt đời là rất quan trọng để giúp cho thú cưng và cả gia đình của bạn luôn khỏe mạnh. Cho thú cưng đi khám sức khỏe thường xuyên là điều cần thiết. Ngoài ra, hãy cung cấp cho chúng một chế độ ăn uống tốt, một không gian ngủ nghỉ sạch sẽ và thường xuyên cho chúng ra ngoài để vận động. Bằng cách giữ cho thú cưng của bạn khỏe mạnh, bạn sẽ giúp giữ cho bản thân và gia đình khỏe mạnh.</span></p><p class=\"ql-align-justify\"><strong class=\"ql-font-monospace\">Vệ sinh thú cưng thường xuyên và đúng cách</strong></p><p class=\"ql-align-justify\"><span class=\"ql-font-monospace\">Để đảm bảo những lợi ích của việc nuôi thú cưng trở nên hiệu quả thì ngoài việc bạn rửa tay thường xuyên, việc vệ sinh thú cưng cũng rất cần thiết. Điều này có thể giúp ngăn ngừa sự lây lan của vi trùng giữa vật nuôi và người.</span></p>', './public/blogImages/1701010955791_Lợi-ích của việc nuôi thú cưng.jpeg', 45, 324, '2023-11-26 15:02:35', '2023-11-26 15:07:30', 'accepted', NULL);
INSERT INTO `blogs` (`id`, `title`, `content`, `image`, `userId`, `postId`, `createdAt`, `updatedAt`, `status`, `ban`) VALUES
(35, 'Mèo Xiêm – Nguồn gốc, đặc điểm, kinh nghiệm chăm sóc', '<h2 class=\"ql-align-justify\"><span class=\"ql-font-monospace\">Nguồn gốc của mèo Xiêm</span></h2><p class=\"ql-align-justify\"><span class=\"ql-font-monospace\">Mèo Xiêm là giống mèo có lịch sử khá lâu đời, chưa có thông tin nào xác thực và được công nhận về nguồn gốc thật sự của giống mèo này. Tuy nhiên đa số các ý kiến đưa ra cho rằng mèo Xiêm xuất hiện vào khoảng thế kỷ 14 và có nguồn gốc từ đất nước chùa vàng – Thái Lan. Tuy nhiên bên cạnh đó lại có tranh cãi cho rằng thực chất mèo Xiêm xuất hiện đầu tiên là tại châu Âu. Sau này được du nhập vào Hoa Kỳ vào khoảng năm 1879 và được nhiều người biết đến, bắt đầu dần trở nên phổ biến. Hai luồng ý kiến này vẫn đang tiếp tục tranh cãi và chưa có một tổ chức nào xác nhận, chúng ta hãy chờ đợi thêm để biết chính xác nguồn gốc của mèo Xiêm nhé.</span></p><p class=\"ql-align-justify\"><span class=\"ql-font-monospace\">Vào khoảng những năm 1960 khi các yêu cầu khắt khe về nguồn gốc của các loài mèo được đưa ra thì mèo Xiêm gặp nhiều bất lợi vì nguồn gốc chưa rõ ràng của mình. Đến năm 2000 thì giống mèo này đã đạt được tiêu chuẩn, bắt đầu được nhân giống và nuôi dưỡng rộng rãi, trở thành thú cưng trong nhiều hộ gia đình. Việc lai tạo mèo Xiêm với các giống mèo khác cũng tạo ra thế hệ con lai độc đáo và đặc biệt. Dần dần nhắc đến mèo cảnh thì chúng ta đều không thể quên được chỗ đứng của mèo Xiêm.</span></p><h2 class=\"ql-align-justify\"><span class=\"ql-font-monospace\">Phân loại mèo Xiêm</span></h2><p class=\"ql-align-justify\"><span class=\"ql-font-monospace\">Mèo Xiêm trên thị trường hiện nay có thể phân loại thành hai dòng chính là mèo Xiêm truyền thống và mèo Xiêm hiện đại. Hai dòng này có sự khác biệt rất lớn về ngoại hình nên chúng ta có thể dễ dàng phân biệt bằng mắt thường.</span></p><p class=\"ql-align-justify\"><span class=\"ql-font-monospace\">Mèo Xiêm truyền thống có thân hình khá đầy đặn, với cấu trúc xương to, khuôn mặt tròn trịa và thể trạng sức khỏe tốt. Trong khi đó mèo Xiêm hiện đại sẽ có cơ thể mảnh mai hơn, thân hình cao, xương nhỏ và khuôn mặt góc cạnh. Việc tạo ra mèo Xiêm hiện đại chính là quá trình lai tạo người nuôi đã cố ý tạo nên những đặc điểm nổi bật này để hoàn thiện hơn vẻ đẹp cho mèo Xiêm.</span></p><h2 class=\"ql-align-justify\"><span class=\"ql-font-monospace\">Đặc điểm ngoại hình của mèo Xiêm</span></h2><p class=\"ql-align-justify\"><span class=\"ql-font-monospace\">Mèo Xiêm có ngoại hình rất bắt mắt và thu hút, đầu tiên phải nói đến kích thước cơ thể. Chúng có chiều dài cơ thể trung bình khoảng 29 đến 35cm, cân nặng từ 3 đến 5kg, đây là kích cỡ khá trung bình và khá phổ biến ở loài mèo. Chúng mảnh mai và chiều dài cơ thể vượt trội hơn chiều cao vì vậy nên trông rất mảnh mai, nhanh nhẹn, di chuyển nhẹ nhàng và thu hút.</span></p><p class=\"ql-align-justify\"><span class=\"ql-font-monospace\">Phần đầu dài và thon lại từ tai tới miệng khiến đầu chúng có hình như một viên kim cương. Các đường nét đều rất hài hòa, mềm mại. Khuôn miệng chúng khá nhọn và nhỏ, mũi bé và ươn ướt rất xinh, phần tai dựng đứng với gốc tai khá rộng. Nhìn tổng thể khuôn mặt của mèo Xiêm hiện rõ lên sự nhanh nhẹn, thông minh và có đôi chút quý tộc.</span></p><p class=\"ql-align-justify\"><span class=\"ql-font-monospace\">Đôi mắt là điểm thu hút nhất ở mèo Xiêm. Mắt hình hạnh nhân, to tròn và sáng long lanh, rất có chiều sâu nên khi nhìn thẳng vào giống như bạn đang nhìn thấy một bầu trời đầy sao. Phần tròng mắt của chúng thường có màu xanh dương, hoặc một số màu sắc khác nhưng ít phổ biến hơn. Trong màn đêm đôi mắt sẽ tỏa sáng như những viên ngọc lấp lánh.</span></p><p class=\"ql-align-justify\"><span class=\"ql-font-monospace\">Bộ lông mèo Xiêm khá ngắn và dày, một đặc điểm khác biệt so với các loại mèo cảnh khác.Thông thường mèo cảnh sẽ có bộ lông hai lớp dài và mềm mại, nhưng lông mèo Xiêm lại chỉ có một lớp. Màu lông phổ biến nhất ở mèo Xiêm là màu be trên cơ thể, phần đuôi và mặt lại sẽ thường là màu đen. Ngoài ra còn có những màu lông khác như màu trắng pha đen, trắng pha xám, vàng kem pha đen, xanh pha trắng,… Mèo Xiêm càng có màu lông đặc biệt và khó tìm sẽ càng có giá thành cao hơn.</span></p><p class=\"ql-align-justify\"><span class=\"ql-font-monospace\">Bốn chân mèo Xiêm khá cao và to so với cơ thể. Vì vậy khi bước đi rất nhanh nhẹn, nhẹ nhàng và linh hoạt. Kết hợp cùng chiếc đuôi dài, mỗi bước đi đều vô cùng uyển chuyển.</span></p><h2 class=\"ql-align-justify\"><span class=\"ql-font-monospace\">Đặc điểm tính cách của mèo Xiêm</span></h2><p class=\"ql-align-justify\"><span class=\"ql-font-monospace\">Ngoại hình của mèo Xiêm dễ mang lại cho chúng ta cảm giác lạnh lùng và xa cách nhưng trên thực tế tính cách của chúng hoàn toàn không phải như vậy. Chúng khá ấm áp, dễ thương và thân thiện với con người. Như đa số các giống mèo khác, mèo Xiêm thích nhất là được cưng nựng, âu yếm vuốt ve, thích gây chú ý với chủ nhân và thích làm nũng.</span></p><p class=\"ql-align-justify\"><span class=\"ql-font-monospace\">Chúng cũng rất thông minh và nhanh nhẹn, có khả năng nghe, nhìn và đánh hơi cực tốt. Vì vậy việc huấn luyện một chú mèo Xiêm sẽ không quá khó khăn, chỉ cần kiên nhẫn một chút chúng sẽ tiếp thu hết những gì bạn muốn dạy: đi vệ sinh đúng chỗ, ăn đúng chỗ, không nghịch phá đồ,…</span></p><p class=\"ql-align-justify\"><span class=\"ql-font-monospace\">Một điểm đặc biệt nữa của mèo Xiêm là chúng không hề lười như các giống mèo cảnh khác mà ngược lại còn rất chăm chỉ vận động, thích vui chơi chạy nhảy. Vì vậy bạn có thể giành thời gian cả ngày để chơi với chúng mà không chán, chính vì thích vận động nên sức khỏe của chúng cũng được duy trì rất tốt, ít bị bệnh tật cũng ít xảy ra tình trạng béo phì, thừa cân.&nbsp;</span></p><p class=\"ql-align-justify\"><span class=\"ql-font-monospace\">Mèo Xiêm không chỉ hiền lành và ngoan ngoãn với chủ nhân và với người lạ hay các thú cưng khác cũng vậy. Dù chưa quen biết vẫn có thể dễ dàng vuốt ve chúng, để mèo Xiêm chơi với trẻ em bạn cũng không cần phải theo dõi quá chặt vì bản tính hiền lành mèo Xiêm rất ít khi cào cấu hay cắn. Với các thú cưng khác trong gia đình cũng vậy, mèo Xiêm không có tính đành hanh, ghen tị hay tranh giành nên thông thường chúng sẽ sống chung hòa thuận. Tuy nhiên bạn cũng cần cân nhắc chọn cho chúng những bạn sống cùng thật hiền lành và vô hại, vì mèo Xiêm đôi khi không biết bảo vệ bản thân trước những tấn công từ người khác hay con vật khác.</span></p><p class=\"ql-align-justify\"><span class=\"ql-font-monospace\">Mèo Xiêm từng được nuôi dưỡng như một biểu tượng của thần thánh tại Thái Lan, thật bất ngờ khi chúng thân thiện và dễ thương như vậy phải không nào. Nếu bạn đang cân nhắc không biết có nên chọn mèo Xiêm là thú cưng trong gia đình hay không thì câu trả lời chắc chắn là có. Đây sẽ là người bạn đồng hành đáng yêu nhất mà bạn có thể tìm được giữa vô số thú cưng thịnh hành hiện nay.</span></p><h2 class=\"ql-align-justify\"><span class=\"ql-font-monospace\">Cách chăm sóc mèo Xiêm</span></h2><p class=\"ql-align-justify\"><span class=\"ql-font-monospace\">Tuy chưa được xác nhận 100% nhưng khả năng rất cao nguồn gốc từ Đông Nam Á của mèo Xiêm là hoàn toàn chính xác. Vì vậy nên chúng sẽ dễ thích nghi với điều kiện thời tiết và điều kiện sống tại Việt Nam. Bạn sẽ không sợ mèo cưng của mình bị các bệnh như sốc nhiệt, chán ăn, không chịu được nóng không chịu được lạnh,… Và một vài phần cần lưu ý thêm dưới đây để bé mèo của bạn được chăm sóc tốt nhất nhé.</span></p><h3 class=\"ql-align-justify\"><span class=\"ql-font-monospace\">Điều kiện môi trường khi nuôi mèo Xiêm</span></h3><p class=\"ql-align-justify\"><span class=\"ql-font-monospace\">Mèo Xiêm không quá kén chọn môi trường sống, tuy nhiên ít nhất bạn cũng cần cho chúng một không gian khô ráo, ấm áp và sạch sẽ để chúng sinh trưởng và phát triển thật tốt. Vào những ngày nắng ấm hãy để chúng nằm phơi nắng cả buổi. Tuy nhiên vì là giống mèo ưa vận động nên một không gian đủ rộng để chúng được vui đùa chạy nhảy thì sẽ lý tưởng hơn rất nhiều cho sự phát triển của mèo Xiêm. Một ưu điểm của mèo Xiêm là chúng thích nghi rất nhanh nên nếu không gian gia đình bạn hơi hạn chế thì cũng không sao, chỉ mất một chút thời gian là chúng có thể thích nghi được. Bạn chỉ cần thỉnh thoảng đưa chúng đi dạo là chúng đã rất vui rồi.</span></p><h3 class=\"ql-align-justify\"><span class=\"ql-font-monospace\">Chế độ dinh dưỡng cho mèo Xiêm</span></h3><p class=\"ql-align-justify\"><span class=\"ql-font-monospace\">Trái với vẻ ngoài có vẻ sang chảnh quý tộc, mèo Xiêm rất dễ ăn và dễ nuôi. Chúng không đòi hỏi thức ăn cầu kỳ, cũng không yêu cầu thực phẩm hảo hạng hay quá mức tiền. Lượng dinh dưỡng mà mèo Xiêm cần cũng như đa số các giống mèo khác đó là sự hài hòa và cân đối giữa tinh bột, chất đạm, chất béo, protein, chất xơ, vitamin,… Các dưỡng chất này có trong các loại thịt, trứng, bơ, xúc xích,…&nbsp;</span></p><p class=\"ql-align-justify\"><span class=\"ql-font-monospace\">Cần cân bằng dinh dưỡng trong mỗi bữa ăn để chúng không quá đói cũng không quá no. Thêm vào đó với các giống mèo lười nhác bạn có thể không cần cho chúng ăn tinh bột, nhưng với mèo Xiêm việc bổ sung tinh bột là cần thiết để chúng có đủ năng lượng mà hoạt động và vui chơi suốt cả ngày.</span></p><p class=\"ql-align-justify\"><span class=\"ql-font-monospace\">Nếu không có nhiều thời gian để chuẩn bị thức ăn mỗi ngày, bạn có thể cân nhắc các loại thức ăn khô cho mèo cưng của mình. Được sản xuất dựa trên nhu cầu dinh dưỡng cũng như khẩu vị của loài mèo nên thức ăn khô sẽ là một giải pháp hữu hiệu cho những ngày bạn bận rộn. Tuy nhiên thức ăn tươi chế biến vẫn nên là ưu tiên nhé, không nên lạm dụng thức ăn sẵn, càng không nên bắt mèo Xiêm ăn một món liên tục sẽ rất dễ gây ra tình trạng thiếu chất cục bộ, chán ăn, sụt cân ảnh hưởng đến sức khỏe.&nbsp;</span></p><p class=\"ql-align-justify\"><span class=\"ql-font-monospace\">Ngoài các bữa chính trong ngày bạn cũng có thể tham khảo các loại thức ăn vặt cho mèo như sụn gà, pate,… đặc biệt là trong giai đoạn mèo con từ 2 đến 6 tháng cần nhiều dinh dưỡng cho sự phát triển. Tuy nhiên chỉ nên cho ăn có chừng mực để tránh chúng bị tăng cân quá nhanh ảnh hưởng sức khỏe nhé.</span></p><h3 class=\"ql-align-justify\"><span class=\"ql-font-monospace\">Vệ sinh lông và tắm cho mèo Xiêm</span></h3><p class=\"ql-align-justify\"><span class=\"ql-font-monospace\">Với bộ lông ngắn và mọc sát da thì việc vệ sinh cho chúng cũng sẽ khá nhẹ nhàng và không tốn nhiều thời gian của bạn. Hàng ngày bạn nên bớt chút thời gian để chải lông cho chúng, loại bỏ phần lông đã rụng, giúp bộ lông mềm mượt và phát triển tốt hơn.</span></p><p class=\"ql-align-justify\"><span class=\"ql-font-monospace\">Bạn nên tắm định kỳ cho mèo Xiêm khoảng 1 tuần/ 1 lần. Không cần tắm quá nhiều nhưng cũng không được quên việc tắm vì nếu quá lâu không tắm cơ thể chúng sẽ mất vệ sinh, dễ mắc các bệnh về da, lông rụng nhiều và dễ có rận.</span></p><p class=\"ql-align-justify\"><span class=\"ql-font-monospace\">Bên cạnh việc chăm sóc bộ lông, bạn cũng cần chú ý vệ sinh phần mắt, mũi và tai hàng ngày cho mèo Xiêm. Có thể dùng tăm bông và dung dịch chuyên dụng để vệ sinh cho chúng, chú ý thao tác nhẹ nhàng để tránh làm mèo cưng của bạn bị đau nhé.</span></p><h2 class=\"ql-align-justify\"><span class=\"ql-font-monospace\">Một số bệnh thường gặp của mèo Xiêm</span></h2><p class=\"ql-align-justify\"><span class=\"ql-font-monospace\">Giống như nhiều giống mèo khác, mèo Xiêm cũng có nguy cơ mắc các căn bệnh đặc trưng của loài mèo, ví dụ như các bệnh về đường hô hấp, các bệnh về gan và hen suyễn. Ngay khi thấy bé mèo của mình có các dấu hiệu hô hấp bất thường, hít thở khó khăn hãy đưa chúng đến các trung tâm thú y để được kiểm tra sớm nhé. Từ đó tùy thuộc vào tình trạng bệnh bạn sẽ được bác sĩ tư vấn các phương án và thuốc men hiệu quả, tránh để bệnh trở nặng rồi mới đi khám thì sẽ ảnh hưởng rất lớn đến sức khỏe của chúng.</span></p><p class=\"ql-align-justify\"><span class=\"ql-font-monospace\">Bên cạnh đó khi mua mèo bạn cần tìm hiểu kỹ lưỡng về quá trình mèo của bạn đã được tiêm chủng những loại nào. Cần thực hiện tiêm phòng đầy đủ để đảm bảo sức khỏe cho cả mèo Xiêm và cho chính bản thân bạn nhé.</span></p><h2 class=\"ql-align-justify\"><span class=\"ql-font-monospace\">Mèo Xiêm có giá bao nhiêu?</span></h2><p class=\"ql-align-justify\"><span class=\"ql-font-monospace\">Do nhu cầu thị trường hiện nay, khách hàng tại Việt Nam rất ưa chuộng việc nuôi mèo Xiêm. Dù rằng hiện tại ở nước ta giống mèo này vẫn chưa quá phổ biến. Tuy hiếm nhưng giá của chúng lại không quá cao đâu nhé.</span></p><p class=\"ql-align-justify\"><span class=\"ql-font-monospace\">Giá thành của mèo Xiêm thường được quyết định rất lớn bởi nguồn gốc và mức độ thuần chủng. Nguồn gốc mèo Xiêm ở Việt Nam sẽ có ba loại là mèo Xiêm thuần chủng nhập khẩu từ Thái Lan, mèo Xiêm thuần chủng nhập khẩu từ châu Âu và mèo Xiêm được nhân giống tại Việt Nam.</span></p><ul><li class=\"ql-align-justify\"><span class=\"ql-font-monospace\">Đối với mèo Xiêm được nhân giống trong nước, chúng sẽ có giá dao động vào khoảng từ 1 đến 2 triệu đồng. Với mức giá này, hầu hết chúng ta đều có thể mang một bé về làm thú cưng trong nhà. Tuy nhiên các bé mèo này sẽ không có giấy tờ chứng minh nguồn gốc xuất xứ, cũng như khó lòng đảm bảo về sức khỏe, bạn lưu ý điều này nhé.</span></li><li class=\"ql-align-justify\"><span class=\"ql-font-monospace\">Đối với mèo Xiêm nhập khẩu từ Thái Lan, đây sẽ là những chú mèo thuần chủng có giá cao hơn. Thông thường bạn sẽ cần chi ra số tiền từ 4 đến 5 triệu đồng để sở hữu chúng. Tất nhiên loại mèo này sẽ được đảm bảo hơn về sức khỏe cũng như mức độ thuần chủng so với mèo được nhân giống trong nước.</span></li><li class=\"ql-align-justify\"><span class=\"ql-font-monospace\">Cuối cùng, loại mèo Xiêm có chất lượng tốt nhất chính là mèo nhập khẩu từ châu Âu. Gia mỗi con chưa bao gồm chi phí vận chuyển đã rơi vào tầm 500$, khoảng 10 – 12 triệu đồng. Để được nhập khẩu chúng phải có đầy đủ giấy tờ chứng minh nguồn gốc xuất xứ, gia phả chứng minh mức độ thuần chủng và các giấy tờ liên quan khác. Thường loại mèo này được nhập khẩu để phục vụ nhu cầu phối giống là chính.</span></li></ul><p class=\"ql-align-justify\"><span class=\"ql-font-monospace\">Bên cạnh đó bạn cũng cần chọn nơi mua mèo uy tín để đảm bảo chất lượng mèo bạn nhận được sẽ đảm bảo và xứng đáng với số tiền bỏ ra nhé. Không nên tin vào những quảng cáo mua mèo Xiêm giá rẻ bất ngờ vì bạn rất dễ mắc bẫy của các đơn bị bán. Nếu đã quyết định mua mèo Xiêm bạn hãy cân nhắc để chọn được một bé mèo cưng thật đáng yêu và khỏe mạnh nhé.</span></p>', './public/blogImages/1701011074050_Mèo-Xiêm – Nguồn gốc, đặc điểm, kinh nghiệm chăm sóc.jpeg', 45, 325, '2023-11-26 15:04:34', '2023-11-26 15:07:25', 'accepted', NULL);
INSERT INTO `blogs` (`id`, `title`, `content`, `image`, `userId`, `postId`, `createdAt`, `updatedAt`, `status`, `ban`) VALUES
(36, 'Tìm hiểu chó Cỏ – Giống chó phổ biến nhất tại Việt Nam', '<h2 class=\"ql-align-justify\"><span class=\"ql-font-monospace\">Nguồn gốc của chó Cỏ</span></h2><p class=\"ql-align-justify\"><span class=\"ql-font-monospace\">Không ai biết chó Cỏ chính xác đã xuất hiện từ khi nào, bởi vì suốt chiều dài lịch sử chúng đã đồng hàng cùng chúng ta. Từ thời chiến đến thời bình, từ chú chó trông nhà đến chú chó săn đầy dũng mãnh. Khắp mọi miền Việt Nam chúng ta đều thấy sự xuất hiện của chúng, với ngoại hình, kích thước đa dạng. Trong số đó chó Phú Quốc là chú chó Cỏ Việt Nam đầu tiên được thế giới công nhận, có tên riêng.</span></p><p class=\"ql-align-justify\"><span class=\"ql-font-monospace\">Chó Cỏ không phải là tên chỉ một giống chó có bộ gen và đặc điểm giống nhau mà là tên chung của những chú chó có nguồn gốc Việt Nam thuần chủng, không pha tạp. Nhắc đến chó Cỏ ta sẽ nghĩ đến 4 giống chó phổ biến nhất là Chó Lài, chó H’Mông, chó Bắc Hà và chó Phú Quốc.</span></p><p class=\"ql-align-justify\"><span class=\"ql-font-monospace\">Hầu hết các gia đình ở Việt Nam đều có nuôi một chú chó cỏ để trông nhà. Ở các vùng nông thôn chúng phổ biến hơn và được yêu quý rất nhiều vì sự gần gũi mộc mạc, dễ nuôi dễ chăm. Tuy không có vẻ đẹp quá nổi bật như những chó ngoại nhập nhưng chúng đặc trưng cho đời sống ở Việt Nam suốt bao nhiêu thế hệ.</span></p><h2 class=\"ql-align-justify\"><span class=\"ql-font-monospace\">Đặc điểm ngoại hình của chó Cỏ</span></h2><p class=\"ql-align-justify\"><span class=\"ql-font-monospace\">Ở mỗi vùng miền mỗi giống chó thì sẽ có những đặc điểm ngoại hình khác biệt. Bởi những điều kiện sống cũng như quá trình sinh trưởng thậm chí lai tạo giữa các giống chó Cỏ với nhau cũng khiến chúng ngày càng đa dạng. Nhưng tựu chung lại khi nhắc đến chó Cỏ ta sẽ nhớ đến những đặc điểm sau đây</span></p><h3 class=\"ql-align-justify\"><span class=\"ql-font-monospace\">Thân hình</span></h3><p class=\"ql-align-justify\"><span class=\"ql-font-monospace\">Thân hình chó Cỏ hầu hết đều khá thon dài, chiều dài sẽ vượt trội hơn chiều cao tạo nên tổng thể hài hòa và linh hoạt. Tầm vóc vừa phải, chiều cao vào khoảng từ 45 đến 65cm và cân nặng rơi vào từ 10 đến 25 kg. Chó đực thường sẽ có kích thước lớn hơn cho cái một chút.</span></p><h3 class=\"ql-align-justify\"><span class=\"ql-font-monospace\">Khuôn mặt</span></h3><p class=\"ql-align-justify\"><span class=\"ql-font-monospace\">Thông thường các giống chó Cỏ có gương mặt nhỏ, thon dài, cân bằng với kích thước cơ thể. Phần mõm khá dài, với đầu mũi đen, đánh hơi rất thính. Cấu trúc đầu thường sẽ có hình tam giác, trông rất thông minh và nhanh nhẹn. Lưỡi dài và màu hồng, nếu có đốm trên lưỡi sẽ được đánh giá là rất thông minh.</span></p><p class=\"ql-align-justify\"><span class=\"ql-font-monospace\">Tai chó Cỏ hình tam giác, thường là giống tai vểnh, nhưng vẫn có một vài giống tai cụp. Phần tai nằm cân đối hai bên sọ. Mắt tròn, thường màu nâu sẫm hoặc vàng nâu, hoặc đen ánh, trông hiền lành nhưng cũng tinh anh.</span></p><h3 class=\"ql-align-justify\"><span class=\"ql-font-monospace\">Màu lông</span></h3><p class=\"ql-align-justify\"><span class=\"ql-font-monospace\">Chó cỏ có màu lông đa dạng, độ dài ngắn cũng khác nhau ở từng giống. Ví dụ như chó Bắc Hà lông xù, và xồm lên rất đặc biệt còn chó Lài lại có bộ lông ngắn ôm sát lấy da. Về màu sắc chó Cỏ có màu phổ biến nhất là vàng, ngoài ra là các màu như đen tuyền, trắng, đốm, vện, đỏ lửa, nâu,…&nbsp;</span></p><h2 class=\"ql-align-justify\"><span class=\"ql-font-monospace\">Đặc điểm tính cách chó Cỏ</span></h2><p class=\"ql-align-justify\"><span class=\"ql-font-monospace\">Chó Cỏ không có ngoại hình quá đặc biệt, không thể so sánh với các giống chó ngoại nhập. Nhưng điều làm nên sức hút của chúng chính là những tính cách đặc biệt và đáng trân trọng.</span></p><h3 class=\"ql-align-justify\"><span class=\"ql-font-monospace\">Sự trung thành và biết nghe lời</span></h3><p class=\"ql-align-justify\"><span class=\"ql-font-monospace\">Chó Cỏ được nuôi trong các gia đình từ hàng ngàn năm qua. Chúng được nuôi nấng, chăm sóc, quan tâm và yêu thương, dần dần tạo nên bản tính hiền lành và trung thành với chủ nhân. Chúng sẽ làm theo mệnh lệnh mà bạn đưa ra một cách nhanh chóng và tuyệt đối. Nếu được huấn luyện bài bản chúng sẽ con trở thành một chú vệ sĩ canh gác hoàn hảo.</span></p><p class=\"ql-align-justify\"><span class=\"ql-font-monospace\">Trung thành và quấn chủ, gần gũi và an toàn với cả trẻ nhỏ nhưng chó Cỏ vẫn có sự cảnh giác cao độ trước người lạ. Nếu thấy có người vào nhà chúng sẽ sủa rất lớn, khi đối phương có hành vi khiến chúng cảm thấy bị đe dọa, chúng có thể tấn công trước để bảo vệ tài sản và chủ nhân.</span></p><p class=\"ql-align-justify\"><span class=\"ql-font-monospace\">Vì vậy khi nuôi chó Cỏ bạn hãy dành cho chúng sự yêu thương và quan tâm, hãy đối xử tốt với chúng thì việc chó Cỏ trung thành tuyệt đối, sẵn sàng xông pha vào nguy hiểm vì bạn là điều chắc chắn.</span></p><h3 class=\"ql-align-justify\"><span class=\"ql-font-monospace\">Sự thông minh</span></h3><p class=\"ql-align-justify\"><span class=\"ql-font-monospace\">Chó Cỏ có khôn như các giống chó cảnh không? Có, chắc chắn là có, thậm chí chó Cỏ còn được đánh giá là một trong những giống chó khôn ranh nhất. Chúng được sống cùng con người trong suốt nhiều thế hệ, chúng tiếp xúc với lối sống của xã hội, được dạy dỗ và dần dần thích nghi một cách hoàn hảo. Vì vậy chó Cỏ luôn có sự tinh ranh nhất định, đánh giá rất đúng tình hình, cảm nhận được khi chủ nhân đang buồn để an ủi, khi bị la mắng thì sẽ cụp tai xuống tỏ ra hối lỗi,…</span></p><p class=\"ql-align-justify\"><span class=\"ql-font-monospace\">Chính sự thông minh này khiến kết nối giữa chó Cỏ và chủ nhân vô cùng bền chặt. Nuôi một chú chó Cỏ bạn sẽ không bao giờ cảm thấy cô đơn hay lạc lõng. Thậm chí chúng còn biết bắt chuột thay cho mèo, nhưng lại hay vồ gà, vồ vịt, các vật nuôi nhỏ trong gia đình khiến nhiều tình huống dở khóc dở cười xảy ra. Bởi vì chó Cỏ thông minh nhưng dù sao chúng cũng là động vật, bạn nên kiên nhẫn hướng dẫn, huấn luyện chúng, không nên thả rông quá nhiều.</span></p><h3 class=\"ql-align-justify\"><span class=\"ql-font-monospace\">Sự năng động</span></h3><p class=\"ql-align-justify\"><span class=\"ql-font-monospace\">Chó Cỏ rất ưa hoạt động. Cơ thể dẻo dai, linh hoạt khỏe mạnh, chúng có sức đề kháng rất tốt, vì vậy nên việc vận động hàng ngày là một phần cho chúng duy trì sức khỏe và sự năng động. Không nên nhốt hay xích chó Cỏ thường xuyên và liên tục, sẽ khiến chúng trở nên cuồng chân, cộc cằn, hung dữ. Hãy cho chúng được chạy nhảy theo sở thích để cún cưng của bạn được thoải mái.</span></p><h2 class=\"ql-align-justify\"><span class=\"ql-font-monospace\">Cách chăm sóc và huấn luyện chó Cỏ</span></h2><p class=\"ql-align-justify\"><span class=\"ql-font-monospace\">Chó Cỏ được gọi là giống chó “bình dân” hợp với người người nhà nhà vì vậy cách chăm sóc cũng khá đơn giản, nhẹ nhàng. Thể trạng chúng khỏe mạnh, chó thuần chủng Việt Nam nên hoàn toàn phù hợp với thời tiết ở nước ta. Khẩu phần ăn của chúng cũng rất dễ dàng, không đòi hỏi quá nhiều. Hầu hết các gia đình đều cho chó Cỏ ăn theo phần ăn của gia đình, chúng không kén ăn nên chỉ cần cơm và canh chúng đã ăn rất ngon miệng rồi.</span></p><p class=\"ql-align-justify\"><span class=\"ql-font-monospace\">Tuy nhiên để đảm bảo sức khỏe cho cún cưng, bạn vẫn nên chú ý những bữa ăn đầy đủ dinh dưỡng và đa dạng. Có thể cho chúng ăn thêm cá, thịt, canh rau, thỉnh thoảng cho chúng ăn nội tạng, thịt sống đã được vệ sinh và nấu chín. Lượng thức ăn mỗi bữa nên phù hợp với độ tuổi và trọng lượng cơ thể. Chó Cỏ là giống chó rất ngoan, ít đòi hỏi chuyện ăn uống, nên bạn hãy chú ý một chút về căn nặng của chúng để đảm bảo chúng đang được phát triển bình thường và khỏe mạnh.</span></p><p class=\"ql-align-justify\"><span class=\"ql-font-monospace\">Chó Cỏ sinh rất nhiều, có thể sinh từ 3 đến 7 chú chó con mỗi lần. Trong giai đoạn sinh nở, bạn hãy chú ý chăm sóc cả chó mẹ và chó con nhé. Chó Cỏ chăm con cũng rất khéo nên bạn cũng không cần quá lo lắng, chỉ cần chú ý cung cấp đủ dinh dưỡng, tiêm phòng để đủ để chúng lớn lên bình thường, tránh được các căn bệnh nguy hiểm, đặc biệt là bệnh dại.</span></p><h2 class=\"ql-align-justify\"><span class=\"ql-font-monospace\">Cách huấn luyện chó Cỏ</span></h2><p class=\"ql-align-justify\"><span class=\"ql-font-monospace\">Chó Cỏ rất năng động nên việc huấn luyện chúng các trò chơi như bơi lội, rượt đuổi, bắt bóng,…cũng tương đối dễ. Hầu hết các giống chó Cỏ thích nghịch nước, chúng còn có khả năng tự học bơi. Vì vậy trong suốt quá trình huấn luyện chúng, bạn chỉ cần nhẹ nhàng và kiên nhẫn một chút, chúng sẽ học và thích nghi rất nhanh.</span></p><p class=\"ql-align-justify\"><span class=\"ql-font-monospace\">Vì chó Cỏ quá gần gũi với người Việt nên có một số bạn thường không có sự quan tâm nhiều đến chúng như với các giống chó ngoại nhập. Điều này thật sự là một sai lầm, bạn chỉ cần dành thời gian dạy dỗ chúng những điều cần thiết như đi vệ sinh đúng chỗ, ăn uống giữ vệ sinh, không phá đồ đạc,… thì bạn chắc chắn sẽ vô cùng hài lòng về sự ngoan ngoãn và nghe lời của chúng.</span></p><h2 class=\"ql-align-justify\"><span class=\"ql-font-monospace\">Giá chó cỏ bao nhiêu?</span></h2><p class=\"ql-align-justify\"><span class=\"ql-font-monospace\">Chó Cỏ có giá thường vào khoảng từ 300 đến 500 ngàn đồng, một mức giá bình dân và ai cũng có thể mua được. Tuy nhiên đối với một số giống chó đặc biệt quý hiếm nhe chó Bắc Hà xù lông, chó Phú Quốc lông xoáy thì giá thành sẽ cao hơn rất nhiều.&nbsp;</span></p><p class=\"ql-align-justify\"><span class=\"ql-font-monospace\">Bạn có thể mua được chó Cỏ khá dễ, mua từ các trang trại chó hay mua từ các cá nhân tự cho chó nhà sinh nở. Chính vì vậy mà giá thành rất mềm, tùy độ dễ thương mà có thể có sự chênh lệch. Các đặc điểm như đốm lưỡi hay có huyền đề ở chân được nhiều người ưa chuộng.</span></p><p class=\"ql-align-justify\"><span style=\"background-color: rgb(255, 255, 255); color: rgb(45, 45, 45);\" class=\"ql-font-monospace\">Các chú chó lai giữa chó ta và chó ngoại cũng rất được ưa chuộng, có giá khoảng trên dưới 1 triệu đồng. Các chú chó lai sẽ vừa có được sự dễ thương của chó cảnh vừa có được sự hiền lành, gần gũi của chó nhà. Các dòng chó lai phổ biến có thể kể đến như chó cỏ lai nhật, chó Rottweiler lai chó ta, chó ta lai Becgie, Samoyed lai chó ta, chó phốc lai chó ta, chó ta lai Husky, chó Alaska lai chó ta, Pitbull lai chó ta, chó Becgie lai chó ta, Poodle lai chó ta…</span></p>', './public/blogImages/1701011193521_Tìm-hiểu chó Cỏ – Giống chó phổ biến nhất tại Việt Nam.png', 45, 326, '2023-11-26 15:06:33', '2023-11-26 15:07:18', 'accepted', NULL);
INSERT INTO `blogs` (`id`, `title`, `content`, `image`, `userId`, `postId`, `createdAt`, `updatedAt`, `status`, `ban`) VALUES
(37, 'fgsdfgdfhrfg', '<p>dfsdfgesdgsegwertegdsfmjhl;;</p>', './public/blogImages/1701014090417_fgsdfgdfhrfg.png', 11, 327, '2023-11-26 15:54:50', '2023-11-26 16:19:53', 'rejected', 'Bài viết không hợp lệ 2');
INSERT INTO `blogs` (`id`, `title`, `content`, `image`, `userId`, `postId`, `createdAt`, `updatedAt`, `status`, `ban`) VALUES
(38, 'OK', '<p>Hello</p>', './public/blogImages/1701066385020_OK.png', 21, 329, '2023-11-27 06:26:26', '2023-11-27 06:27:39', 'rejected', 'sai'),
(39, 'OK', '<p>ok</p>', './public/blogImages/1701066512719_OK.png', 21, 330, '2023-11-27 06:28:34', '2023-11-27 06:28:47', 'accepted', NULL),
(40, 'Chăm sóc thú cưng', '<p>Chăm sóc chó và mèo là một trách nhiệm đáng tin cậy và đầy hạnh phúc, mang lại niềm vui và sự đồng hành trong cuộc sống của chúng ta. Cả chó và mèo đều có nhu cầu riêng biệt, và việc chăm sóc đúng đắn đòi hỏi sự chú ý, tình yêu, và các xem xét thực tế.</p><p><br></p><p>Đối với chó, việc vận động thường xuyên rất quan trọng cho sức khỏe cả về thể chất lẫn tinh thần. Việc đi bộ hàng ngày, thời gian chơi và các hoạt động sôi nổi giúp chúng duy trì hoạt động và duy trì cân nặng khỏe mạnh. Ngoài ra, một chế độ dinh dưỡng cân đối phù hợp với giống loại, kích thước và độ tuổi của chúng là quan trọng. Các cuộc kiểm tra thường xuyên của bác sĩ thú y, việc tiêm phòng và chăm sóc nha khoa đều đóng góp vào sức khỏe tổng thể của chúng.</p><p><br></p><p>Ngược lại, mèo nổi tiếng với tính độc lập của mình, nhưng chúng cũng cần sự chú ý và chăm sóc. Việc cung cấp môi trường kích thích với đồ chơi và cột mài giúp đáp ứng bản năng tự nhiên của chúng. Thức ăn chất lượng, nước sạch và hộp cát sạch là quan trọng cho sức khỏe của chúng. Việc chải lông định kỳ, đặc biệt là đối với các giống lông dài, giúp tránh tình trạng rối và duy trì bộ lông ở trạng thái tốt.</p><p><br></p><p>Cả chó và mèo đều hưởng lợi từ một lịch trình ổn định và đầy đủ tình yêu thương. Dành thời gian chất lượng với chúng củng cố mối quan hệ và tăng cường cảm giác an toàn của chúng. Chăm sóc định kỳ, bao gồm việc cắt móng và làm sạch tai, quan trọng để duy trì vệ sinh và sự thoải mái của chúng. Cũng quan trọng là nhận thức về bất kỳ thay đổi trong hành vi, vì chúng có thể là dấu hiệu của vấn đề sức khỏe tiềm ẩn.</p><p><br></p><p>Tóm lại, chăm sóc chó và mèo liên quan đến một cách tiếp cận toàn diện, bao gồm chăm sóc về mặt thể chất, tinh thần và y tế. Xây dựng một mối quan hệ mạnh mẽ với những người bạn lông này đảm bảo một cuộc sống hạnh phúc và khỏe mạnh cho cả thú cưng và những người chăm sóc chúng.</p>', './public/blogImages/1701074511977_Chăm-sóc thú cưng.jpeg', 45, 334, '2023-11-27 08:41:53', '2023-11-27 08:42:21', 'accepted', NULL),
(41, 'dvdvvsd', '<p>sasdasdsdasdfasfafafasfafzxczxczxczxczczczxc</p>', './public/blogImages/1701153805632_dvdvvsd.jpeg', 45, 337, '2023-11-28 06:43:25', '2023-11-28 06:43:25', 'pending', NULL);

INSERT INTO `bookings` (`id`, `paymentMethod`, `serviceId`, `customerId`, `createdAt`, `updatedAt`, `status`, `userId`, `serviceName`, `note`, `bookTime`, `bookDate`, `phoneNumber`, `fullName`, `ban`) VALUES
(11, 'Cash', 18, 64, '2023-11-23 22:06:56', '2023-11-23 22:06:56', 'accepted', NULL, 'Veterinary', 'Cho Hao cho Cho Binh', '11:06:00', '2023-11-24', '1232134123', 'Nguyen Van A', NULL);
INSERT INTO `bookings` (`id`, `paymentMethod`, `serviceId`, `customerId`, `createdAt`, `updatedAt`, `status`, `userId`, `serviceName`, `note`, `bookTime`, `bookDate`, `phoneNumber`, `fullName`, `ban`) VALUES
(12, 'Cash', 18, 64, '2023-11-24 14:50:10', '2023-11-24 14:50:10', 'rejected', NULL, 'Veterinary', 'Vệ sinh chó mèo', '10:47:00', '2023-11-25', '0329734149', 'Nguyen Mai Viet Vy', 'Sai');
INSERT INTO `bookings` (`id`, `paymentMethod`, `serviceId`, `customerId`, `createdAt`, `updatedAt`, `status`, `userId`, `serviceName`, `note`, `bookTime`, `bookDate`, `phoneNumber`, `fullName`, `ban`) VALUES
(19, 'Cash', 18, 64, '2023-11-26 17:50:16', '2023-11-26 17:50:16', 'accepted', NULL, 'Veterinary', 'Dịch vụ thú cưng', '09:50:00', '2023-11-28', '901239213', 'Nguyễn Văn L', NULL);
INSERT INTO `bookings` (`id`, `paymentMethod`, `serviceId`, `customerId`, `createdAt`, `updatedAt`, `status`, `userId`, `serviceName`, `note`, `bookTime`, `bookDate`, `phoneNumber`, `fullName`, `ban`) VALUES
(21, 'Cash', 18, 21, '2023-11-27 06:38:57', '2023-11-27 06:44:11', 'rejected', NULL, 'Veterinary', 'ok', '09:46:00', '2023-11-30', '0838097512', 'Trinh Xuan Binh', 'ok'),
(23, 'Cash', 18, 45, '2023-11-27 08:45:07', '2023-11-27 08:45:07', 'pending', NULL, 'Veterinary', 'Cham soc thu cung', '09:30:00', '2023-11-30', '0374676054', 'Nguyen Thuy Phuc Loc', NULL),
(24, 'Cash', 26, 45, '2023-11-27 08:45:31', '2023-11-27 08:45:31', 'pending', NULL, 'Daycare', 'cham soc', '09:30:00', '2023-11-30', '0123456789', 'Nguyen Thuy Phuc Loc', NULL);

INSERT INTO `deliveries` (`id`, `receiverName`, `receiverAddress`, `receiverPhone`, `userId`, `createdAt`, `updatedAt`, `status`) VALUES
(42, 'Trịnh Xuân Bình', '123123123, 05 Quang Trung, phường 2, Bảo Lộc, Lâm Đồng, Lâm Đồng', 838097512, 12, '2023-11-03 01:11:04', '2023-11-03 01:11:04', NULL);
INSERT INTO `deliveries` (`id`, `receiverName`, `receiverAddress`, `receiverPhone`, `userId`, `createdAt`, `updatedAt`, `status`) VALUES
(43, 'Trịnh Xuân Bình', '123123123, 05 Quang Trung, phường 2, Bảo Lộc, Lâm Đồng, Lâm Đồng', 838097512, 12, '2023-11-03 01:11:05', '2023-11-03 01:11:05', NULL);
INSERT INTO `deliveries` (`id`, `receiverName`, `receiverAddress`, `receiverPhone`, `userId`, `createdAt`, `updatedAt`, `status`) VALUES
(45, 'Nhat Hao', 'Vinhome, quan 9, Ho Chi Minh', 374676054, 42, '2023-11-08 06:25:53', '2023-11-08 06:25:53', NULL);
INSERT INTO `deliveries` (`id`, `receiverName`, `receiverAddress`, `receiverPhone`, `userId`, `createdAt`, `updatedAt`, `status`) VALUES
(46, '1', '1, 1, 1', 123456789, 46, '2023-11-15 18:44:54', '2023-11-15 18:44:54', NULL),
(61, 'Nguyen Nhat Hao', 's903, Chon thanh, TP. Hồ Chí Minh', 374676054, 3, '2023-11-15 21:27:05', '2023-11-15 21:27:05', NULL),
(62, 'Nguyen Nhat Hao1', 's903, Chon thanh, TP. Hồ Chí Minh', 374676054, 3, '2023-11-15 21:30:05', '2023-11-15 21:30:05', NULL),
(65, 'Nguyen Thuy Phuc Loc', 'Toa Beta, 15A Tân Hòa 2, Hiệp Phú, quận 9, Hồ Chí Minh', 822050673, 45, '2023-11-16 03:57:49', '2023-11-16 03:57:49', NULL),
(67, 'Lam Tan Phat ', 'Pho Tan Thanh, Ben Tre, Ben Tre', 838922556, 57, '2023-11-17 21:14:08', '2023-11-17 21:14:08', NULL),
(68, 'Nguyen Mai Viet Vy', 'duong 494, So 10 , Thanh pho thu duc', 329734149, 63, '2023-11-17 22:33:19', '2023-11-17 22:33:19', NULL),
(69, 'Nguyen Van A', 'Le Van Viet, So 10 duong 494, Thanh pho Thu Duc', 329734149, 63, '2023-11-19 04:04:15', '2023-11-19 04:04:15', NULL),
(70, 'Nguyen Mai Viet Vy', 'Le Van Viet, So 10 duong 494, Thanh pho Ho Chi Minh', 329734149, 64, '2023-11-19 05:06:57', '2023-11-19 05:06:57', NULL),
(71, 'Nguyen Van A', 'Le Van Viet , So 10 duong 494, Quan 9', 329734149, 64, '2023-11-19 06:40:20', '2023-11-19 06:40:20', NULL),
(72, 'Ho Nhat Quang', 'BCoin, BCoin Mien Dong, Lang Dai Hoc', 123456789, 12, '2023-11-21 19:44:21', '2023-11-21 19:44:21', NULL),
(73, 'Min Min Min', 'Cho Binh, Cho Hao, Cho Quang', 2147483647, 64, '2023-11-22 21:20:37', '2023-11-22 21:20:37', NULL),
(74, 'Trịnh Xuân Bình', 'Tòa beta, 05 Quang Trung, phường 2, Bảo Lộc, Lâm Đồng, Lâm Đồng', 838097512, 11, '2023-11-26 10:09:17', '2023-11-26 10:09:17', NULL),
(76, 'Trịnh Xuân Bình', 'ádf, 05 Quang Trung, phường 2, Bảo Lộc, Lâm Đồng, Lâm Đồng', 838097512, 21, '2023-11-27 06:33:29', '2023-11-27 06:33:29', NULL),
(77, 'Trịnh Xuân Bình', '12, 05 Quang Trung, phường 2, Bảo Lộc, Lâm Đồng, Lâm Đồng', 838097512, 72, '2023-11-27 07:07:13', '2023-11-27 07:07:13', NULL);









INSERT INTO `orders` (`id`, `note`, `paymentMethod`, `petId`, `userId`, `deliveryId`, `createdAt`, `updatedAt`, `status`, `ship`) VALUES
(254, '12', 'cash', NULL, 3, 61, '2023-11-21 17:33:20', '2023-11-23 16:43:19', 'done', 50000);
INSERT INTO `orders` (`id`, `note`, `paymentMethod`, `petId`, `userId`, `deliveryId`, `createdAt`, `updatedAt`, `status`, `ship`) VALUES
(297, '', 'cash', NULL, 45, 65, '2023-11-27 00:47:41', '2023-11-27 00:47:41', 'pending', 20000);
INSERT INTO `orders` (`id`, `note`, `paymentMethod`, `petId`, `userId`, `deliveryId`, `createdAt`, `updatedAt`, `status`, `ship`) VALUES
(308, '', 'cash', 68, 64, 70, '2023-11-27 05:50:23', '2023-11-27 05:50:58', 'done', 50000);
INSERT INTO `orders` (`id`, `note`, `paymentMethod`, `petId`, `userId`, `deliveryId`, `createdAt`, `updatedAt`, `status`, `ship`) VALUES
(310, '', 'cash', 55, 21, NULL, '2023-11-27 06:32:48', '2023-11-27 06:32:48', 'pending', 50000),
(311, '', 'cash', 59, 21, 76, '2023-11-27 06:33:35', '2023-11-27 06:33:35', 'pending', 50000),
(312, 'I want it', 'pending', 100, 21, NULL, '2023-11-27 06:34:34', '2023-11-27 06:36:58', 'accepted', 0),
(313, '', 'cash', 100, 21, 76, '2023-11-27 06:37:38', '2023-11-27 06:37:38', 'pending', 50000),
(314, '', 'cash', NULL, 72, 77, '2023-11-27 07:07:17', '2023-11-27 07:07:17', 'pending', 45000),
(315, '', 'cash', NULL, 3, 61, '2023-11-27 08:29:36', '2023-11-27 08:31:38', 'done', 20000);

INSERT INTO `pets` (`id`, `petName`, `species`, `breed`, `age`, `petPrice`, `image`, `postId`, `createdAt`, `updatedAt`, `status`, `ban`) VALUES
(10, 'Scout', 'Dog', 'German Shorthaired Pointer', 2, 3000000, './public/petImages/1698182135576_Scout.jpeg', 48, '2023-10-24 21:15:38', '2023-11-17 15:26:22', 'accepted', '');
INSERT INTO `pets` (`id`, `petName`, `species`, `breed`, `age`, `petPrice`, `image`, `postId`, `createdAt`, `updatedAt`, `status`, `ban`) VALUES
(11, 'Penelope', 'Dog', 'Labrador Retriever', 1, 2500000, './public/petImages/1698182181287_Penelope.jpeg', 49, '2023-10-24 21:16:25', '2023-11-17 15:27:24', 'accepted', '');
INSERT INTO `pets` (`id`, `petName`, `species`, `breed`, `age`, `petPrice`, `image`, `postId`, `createdAt`, `updatedAt`, `status`, `ban`) VALUES
(12, 'Sarah', 'Dog', 'German Shepherd Dog', 2, 1000000, './public/petImages/1698182227582_Sarah.jpeg', 50, '2023-10-24 21:17:11', '2023-11-27 01:30:22', 'accepted', '');
INSERT INTO `pets` (`id`, `petName`, `species`, `breed`, `age`, `petPrice`, `image`, `postId`, `createdAt`, `updatedAt`, `status`, `ban`) VALUES
(13, 'Cider', 'Dog', 'Mixed Breed', 1, 0, './public/petImages/1698182317163_Cider.jpeg', 51, '2023-10-24 21:18:41', '2023-11-27 05:00:01', 'accepted', ''),
(14, 'Crystal', 'Dog', 'German Shepherd Dog & Husky', 2, 0, './public/petImages/1698182358177_Crystal.jpeg', 52, '2023-10-24 21:19:22', '2023-11-16 01:19:19', 'accepted', ''),
(15, 'Enrique', 'Dog', 'Shepherd', 1, 0, './public/petImages/1698182413379_Enrique.jpeg', 53, '2023-10-24 21:20:16', '2023-11-27 05:14:25', 'accepted', ''),
(19, 'Milo', 'Cat', 'Mixed Breed', 1, 0, './public/petImages/1698182672842_Milo.jpeg', 57, '2023-10-24 21:24:36', '2023-10-24 21:24:36', 'accepted', ''),
(20, 'Smokey', 'Cat', 'Domestic Short Hair', 2, 5500000, './public/petImages/1698182712909_Smokey.jpeg', 58, '2023-10-24 21:25:17', '2023-11-19 09:03:17', 'accepted', ''),
(21, 'Athy', 'Cat', 'American Shorthair', 1, 6500000, './public/petImages/1698182751251_Athy.jpeg', 59, '2023-10-24 21:25:55', '2023-11-19 13:33:03', 'accepted', ''),
(22, 'Diana', 'Cat', 'Domestic Short Hair', 2, 0, './public/petImages/1698182957221_Diana.jpeg', 60, '2023-10-24 21:29:20', '2023-10-24 21:29:20', 'accepted', ''),
(23, 'Chelsie', 'Cat', 'Domestic Short Hair', 1, 1000000, './public/petImages/1698182990549_Chelsie.jpeg', 61, '2023-10-24 21:29:54', '2023-11-19 15:41:09', 'accepted', ''),
(24, 'Eula', 'Cat', 'Domestic Short Hair', 2, 0, './public/petImages/1698183021740_Eula.jpeg', 62, '2023-10-24 21:30:25', '2023-10-24 21:30:25', 'accepted', ''),
(25, 'Stripes', 'Cat', 'Domestic Short Hair', 1, 8999000, './public/petImages/1698183163115_Stripes.jpeg', 63, '2023-10-24 21:32:46', '2023-10-24 21:32:46', 'accepted', ''),
(35, 'Min', 'Dog', 'Chihuahua', 1, 5000000, './public/petImages/1700059660754_Min.jpeg', 182, '2023-11-15 14:47:43', '2023-11-15 14:47:43', 'accepted', ''),
(36, 'Beo', 'Dog', 'Pekingese', 1, 6000000, './public/petImages/1700059761962_Beo.jpeg', 183, '2023-11-15 14:49:29', '2023-11-15 14:49:29', 'accepted', ''),
(37, 'Bentanik', 'Dog', 'Dachshund ', 1, 8400000, './public/petImages/1700059903285_Bentanik.jpeg', 184, '2023-11-15 14:51:46', '2023-11-15 14:51:46', 'accepted', ''),
(38, 'Haven', 'Dog', 'Poodle ', 1, 6700000, './public/petImages/1700059979467_Haven.jpeg', 185, '2023-11-15 14:53:02', '2023-11-15 14:53:02', 'accepted', ''),
(39, 'Ratatouile', 'Dog', 'Pug ', 1, 6700000, './public/petImages/1700060084641_Ratatouile.jpeg', 186, '2023-11-15 14:54:47', '2023-11-15 14:54:47', 'accepted', ''),
(40, 'Molly', 'Dog', 'Corgi', 1, 5900000, './public/petImages/1700060282346_Molly.jpeg', 187, '2023-11-15 14:58:05', '2023-11-17 21:08:24', 'accepted', ''),
(41, 'Banana', 'Cat', 'Munchkin', 1, 6900000, './public/petImages/1700060432846_Banana.jpeg', 188, '2023-11-15 15:00:35', '2023-11-16 00:12:23', 'accepted', ''),
(45, 'Kara', 'Cat', 'Balinese', 1, 7800000, './public/petImages/1700061102826_Kara.jpeg', 192, '2023-11-15 15:11:47', '2023-11-26 23:58:27', 'accepted', ''),
(53, 'Blueberry', 'Cat', 'Sphynx', 1, 10000000, './public/petImages/1700064130741_Blueberry.jpeg', 200, '2023-11-15 16:02:12', '2023-11-16 00:17:21', 'accepted', ''),
(54, 'Shihpoo', 'Cat', 'British Longhair', 1, 8000000, './public/petImages/1700064295100_Shihpoo.jpeg', 201, '2023-11-15 16:04:58', '2023-11-15 16:04:58', 'accepted', ''),
(55, 'Jesse', 'Cat', 'Munchkin', 1, 6900000, './public/petImages/1700064375652_Jesse.jpeg', 202, '2023-11-15 16:06:18', '2023-11-27 06:32:48', 'sold', ''),
(56, 'Wisbech', 'Cat', 'British Longhair', 1, 5900000, './public/petImages/1700064487864_Wisbech.jpeg', 203, '2023-11-15 16:08:10', '2023-11-15 16:08:10', 'accepted', ''),
(57, 'Margaret', 'Cat', 'Himalayan', 1, 8100000, './public/petImages/1700064595509_Margaret.jpeg', 204, '2023-11-15 16:09:58', '2023-11-16 00:02:43', 'accepted', ''),
(58, 'Bully', 'Cat', 'British Shorthair', 1, 8100000, './public/petImages/1700065392643_Bully.jpeg', 205, '2023-11-15 16:23:15', '2023-11-27 05:02:15', 'accepted', ''),
(59, 'Luna', 'Cat', 'British Shorthair', 1, 8700000, './public/petImages/1700065505624_Luna.jpeg', 206, '2023-11-15 16:25:08', '2023-11-27 06:33:35', 'sold', ''),
(60, 'Kara', 'Cat', 'British Shorthair', 1, 7400000, './public/petImages/1700065672782_Kara.jpeg', 207, '2023-11-15 16:27:57', '2023-11-15 16:27:57', 'accepted', ''),
(61, 'Messie', 'Cat', 'Leopard', 1, 9100000, './public/petImages/1700065755752_Messie.jpeg', 208, '2023-11-15 16:29:18', '2023-11-15 16:29:18', 'accepted', ''),
(62, 'Coca', 'Cat', 'Abyssinian', 2, 4100000, './public/petImages/1700065844091_Coca.jpeg', 209, '2023-11-15 16:30:47', '2023-11-15 16:30:47', 'accepted', ''),
(63, 'Colana', 'Cat', 'Pallas', 2, 4100000, './public/petImages/1700065980276_Colana.jpeg', 210, '2023-11-15 16:33:04', '2023-11-15 16:33:04', 'accepted', ''),
(64, 'Lonian', 'Cat', 'English Shorthair', 1, 7100000, './public/petImages/1700066118209_Lonian.jpeg', 211, '2023-11-15 16:35:21', '2023-11-15 16:35:21', 'accepted', ''),
(65, 'Luna', 'Cat', 'English Shorthair', 1, 6400000, './public/petImages/1700066263352_Luna.jpeg', 212, '2023-11-15 16:37:46', '2023-11-15 16:37:46', 'accepted', ''),
(66, 'Knesha', 'Cat', 'Persian', 1, 6400000, './public/petImages/1700066343475_Knesha.jpeg', 213, '2023-11-15 16:39:06', '2023-11-15 16:39:06', 'accepted', ''),
(67, 'January', 'Cat', 'American shorthair', 1, 6400000, './public/petImages/1700066411653_January.jpeg', 214, '2023-11-15 16:40:14', '2023-11-15 16:40:14', 'accepted', ''),
(68, 'Roger', 'Cat', 'Ragdoll', 1, 6400000, './public/petImages/1700066472911_Roger.jpeg', 215, '2023-11-15 16:41:15', '2023-11-27 05:50:24', 'sold', ''),
(70, 'Tony', 'Cat', 'Russian Blue', 1, 9300000, './public/petImages/1700066585760_Tony.jpeg', 217, '2023-11-15 16:43:08', '2023-11-19 15:07:11', 'rejected', ''),
(71, 'April', 'Cat', 'Scottish Fold', 1, 9300000, './public/petImages/1700066682642_April.jpeg', 218, '2023-11-15 16:44:45', '2023-11-20 09:55:52', 'accepted', ''),
(72, 'May', 'Cat', 'Siamese', 1, 6300000, './public/petImages/1700066761481_May.jpeg', 219, '2023-11-15 16:46:05', '2023-11-26 16:19:30', 'accepted', ''),
(73, 'March', 'Dog', 'Corgi', 1, 6800000, './public/petImages/1700067083717_March.jpeg', 220, '2023-11-15 16:51:26', '2023-11-15 16:51:26', 'accepted', ''),
(74, 'Buddy', 'Dog', 'French Bulldog', 1, 8400000, './public/petImages/1700067187387_Buddy.jpeg', 221, '2023-11-15 16:53:10', '2023-11-15 16:53:10', 'accepted', ''),
(75, 'Shihpoo', 'Dog', 'Bernese', 1, 8500000, './public/petImages/1700067295587_Shihpoo.jpeg', 222, '2023-11-15 16:54:58', '2023-11-15 16:54:58', 'accepted', ''),
(76, 'Wisbech', 'Dog', 'Bulldog', 1, 7100000, './public/petImages/1700067362432_Wisbech.jpeg', 223, '2023-11-15 16:56:05', '2023-11-15 16:56:05', 'accepted', ''),
(77, 'Muffin', 'Dog', 'Shiba', 1, 8300000, './public/petImages/1700067440866_Muffin.jpeg', 224, '2023-11-15 16:57:23', '2023-11-15 16:57:23', 'accepted', ''),
(80, 'October', 'Dog', 'Shih Tzu', 1, 8500000, './public/petImages/1700067739292_October.jpeg', 228, '2023-11-15 17:02:22', '2023-11-15 17:02:22', 'accepted', ''),
(81, 'Steve', 'Dog', 'Rhodesian Ridgeback', 1, 8500000, './public/petImages/1700067805965_Steve.jpeg', 229, '2023-11-15 17:03:28', '2023-11-19 14:16:51', 'accepted', ''),
(83, 'BullDog', 'Dog', 'BullDog', 2, 3000000, './public/petImages/1700107954069_BullDog.jpeg', 240, '2023-11-16 04:12:34', '2023-11-16 04:13:12', 'accepted', ''),
(100, 'Acer nitro 5', 'Dog', 'Others', 2, 0, './public/petImages/1701057349506_Acer-nitro 5.jpeg', 328, '2023-11-27 03:55:51', '2023-11-27 06:37:38', 'sold', ''),
(101, 'Talling', 'Cat', 'Ragdoll', 2, 3000000, './public/petImages/1701074246061_Talling.jpeg', 333, '2023-11-27 08:37:27', '2023-11-27 08:38:52', 'rejected', 'Meo khong hop le'),
(102, 'sffsdhfishdf', 'Dog', 'Poodle', 2, 1000000, './public/petImages/1701153677518_sffsdhfishdf.jpeg', 335, '2023-11-28 06:41:17', '2023-11-28 06:41:17', 'pending', '');

INSERT INTO `posts` (`id`, `content`, `userId`, `createdAt`, `updatedAt`, `status`) VALUES
(13, 'Whiskas offers a specially formulated cat food for kittens aged 2-12 months, packed with delicious flavors and essential nutrients for rapid growth. As kittens develop quickly, a diverse diet helps maintain their appetite and nutritional intake. ', 3, '2023-10-17 03:59:56', '2023-11-13 07:20:34', NULL);
INSERT INTO `posts` (`id`, `content`, `userId`, `createdAt`, `updatedAt`, `status`) VALUES
(15, 'WHISKAS® Junior dry cat food is specially designed to support the healthy growth and development of kittens. Enriched with DHA, colostrum, and 41 essential nutrients, this formula provides vital components from mother\'s milk, aiding in eye and brain devel', 3, '2023-10-17 12:56:39', '2023-10-17 12:56:39', NULL);
INSERT INTO `posts` (`id`, `content`, `userId`, `createdAt`, `updatedAt`, `status`) VALUES
(37, 'Whiskas offers specially formulated cat food for kittens aged 2-12 months, providing a delicious and nutritious blend of meat, rich gravy, and natural fruit flavors. This cat food is designed to support their rapid growth, with added calcium, phosphorus, ', 11, '2023-10-20 20:20:23', '2023-11-15 16:05:16', NULL);
INSERT INTO `posts` (`id`, `content`, `userId`, `createdAt`, `updatedAt`, `status`) VALUES
(38, 'Cats aged 1-6 years require ample playtime and a balanced diet to maintain a healthy and well-proportioned physique. As carnivores, their protein needs are twice as high as humans. Cats also require 41 essential nutrients for optimal health. Understanding', 11, '2023-10-20 20:25:00', '2023-10-20 20:25:00', NULL),
(41, 'qưer', 12, '2023-10-20 21:11:39', '2023-11-15 18:19:55', NULL),
(48, 'Scout, the German Shorthaired Pointer', 3, '2023-10-24 21:15:38', '2023-11-12 21:15:43', NULL),
(49, 'Penelope, the Labrador Retriever, is a beacon of warmth and loyalty. Her glossy, chocolate-colored coat and kind, expressive eyes radiate affection. Penelope\'s gentle and easygoing nature makes her an ideal family companion. She\'s known for her playful sp', 3, '2023-10-24 21:16:24', '2023-10-24 21:16:24', NULL),
(50, 'Sarah, the German Shepherd Dog, is a picture of grace and strength. With her striking black and tan coat and piercing, intelligent eyes, she exudes confidence and loyalty. Sarah\'s innate protective instincts make her a trusted guardian, while her affectio', 3, '2023-10-24 21:17:11', '2023-10-24 21:17:11', NULL),
(51, 'Cider, the charming mixed breed, is a delightful combination of various traits and personalities. With a whimsical, multi-colored coat and bright, inquisitive eyes, Cider is a true one-of-a-kind. Their playful and adaptable nature makes them an ideal comp', 11, '2023-10-24 21:18:40', '2023-10-24 21:18:40', NULL),
(52, 'Crystal, the enchanting mix of German Shepherd and Husky, is a mesmerizing blend of two remarkable breeds. With her striking coat, displaying a fusion of German Shepherd\'s rich black and tan hues with Husky\'s captivating blue eyes, Crystal is an alluring ', 11, '2023-10-24 21:19:21', '2023-10-24 21:19:21', NULL),
(53, 'Enrique, the Shepherd, is the embodiment of noble strength and loyalty. With a sleek, tan coat and an alert expression in his deep, brown eyes, he radiates confidence and intelligence. Enrique\'s protective instincts make him a natural guardian, while his ', 11, '2023-10-24 21:20:16', '2023-10-24 21:20:16', NULL),
(57, 'Milo, the endearing mixed-breed canine, is a remarkable blend of breeds, bringing a delightful and charismatic presence to any home. With a compact and charmingly proportioned body, Milo\'s coat is a fusion of hues, resembling a tapestry of warmth and comf', 12, '2023-10-24 21:24:36', '2023-10-24 21:24:36', NULL),
(58, 'Smokey, the Domestic Short Hair, is a classic and charming feline companion. With a sleek, grey coat that hints at mystery and elegance, Smokey\'s bright, expressive eyes add to the overall allure. Their independent yet affectionate nature makes them an id', 12, '2023-10-24 21:25:16', '2023-10-24 21:25:16', NULL),
(59, 'Athy, the American Shorthair, embodies timeless feline elegance. Her sleek coat, adorned with classic tabby patterns, reflects a sense of sophistication. With her golden eyes, she exudes intelligence and curiosity. Athy\'s balanced personality combines ind', 12, '2023-10-24 21:25:54', '2023-10-24 21:25:54', NULL),
(60, 'Diana, the Domestic Short Hair, is a refined and endearing feline companion. Her glossy, black coat exudes a sense of mystery and charm. With her expressive, emerald eyes, she conveys both intelligence and warmth. Diana\'s gentle and affectionate dispositi', 15, '2023-10-24 21:29:20', '2023-10-24 21:29:20', NULL),
(61, 'Chelsie, the Domestic Short Hair, is a delightful and versatile feline companion. Her coat, a blend of soft tabby patterns and muted gray hues, exudes a sense of understated beauty. Chelsie\'s bright, inquisitive eyes reflect her intelligence and curiosity', 15, '2023-10-24 21:29:54', '2023-10-24 21:29:54', NULL),
(62, 'Eula, the Domestic Short Hair, is an enchanting feline friend with a sleek coat adorned with striking black and white patterns. Her eyes, a deep shade of amber, hint at her curious and intelligent nature. Eula\'s independent yet affectionate demeanor makes', 15, '2023-10-24 21:30:24', '2023-10-24 21:30:24', NULL),
(63, 'Stripes, the Domestic Short Hair, is a classic and endearing feline companion. With a coat adorned with distinctive stripes and spots, he exudes a timeless charm. His bright, inquisitive eyes reflect intelligence and playfulness. Stripes\' friendly and ada', 11, '2023-10-24 21:32:46', '2023-10-24 21:32:46', NULL),
(134, 'Neutrino Cat utilizes easily digestible ingredients, including readily soluble protein, to maximize nutrient absorption and ensure optimal digestive health for kittens. Kittens are highly susceptible to viral and bacterial attacks that can cause illnesses', 45, '2023-11-14 21:02:29', '2023-11-14 21:02:29', NULL),
(135, 'Neutrino Cat utilizes easily digestible ingredients, including readily soluble protein, to maximize nutrient absorption and ensure optimal digestive health for kittens. Kittens are highly susceptible to viral and bacterial attacks that can cause illnesses', 45, '2023-11-14 21:20:58', '2023-11-14 21:20:58', NULL),
(136, 'Brutrino Cat Adult Cat Food, enriched with essential nutrients such as Taurine, Vitamin C, Calcium, and Phosphorus extracted from seafood, promotes balanced physical development and immune strength in adult cats.', 45, '2023-11-14 21:23:00', '2023-11-14 21:23:00', NULL),
(137, 'Smartheart is a renowned dog food line from the Perfect Companion Group, based in Thailand. The products of this brand are consistently highly regarded by pet owners for their diversity in ingredients and flavors. Particularly noteworthy is their high nut', 45, '2023-11-14 21:26:39', '2023-11-14 21:26:39', NULL),
(138, 'Predo.gen powdered milk for dogs is a nutritious food for your beloved canine companion. The product provides a maximum supply of essential nutrients to support body enrichment, enhancing energy for your pet\'s daily development.\nSmartheart Bully, a dry ki', 45, '2023-11-14 21:30:55', '2023-11-14 21:30:55', NULL),
(139, 'Dr. Kyan\'s pet products are formulated and manufactured by Wonderlife Pharma, one of the leading formula development companies in the United States. Dr. Kyan not only offers high-quality products but also emphasizes superior quality and the provision of b', 45, '2023-11-14 21:34:35', '2023-11-14 21:34:35', NULL),
(141, 'Some cats may have sensitive skin and easily shedding, lacking a glossy coat. ROYAL CANIN HAIR & SKIN, with its balanced nutritional source, plays a crucial role in renewing skin cells and supporting healthy skin and fur', 45, '2023-11-14 21:41:16', '2023-11-14 21:41:16', NULL),
(142, 'The Royal Canin Mother & Baby Cat dry food is specially formulated with a nutritional blend for mother cats and kittens aged 1-4 months. It supports effective immune system enhancement and safeguards the health of both mother cats and kittens', 45, '2023-11-14 21:43:00', '2023-11-14 21:43:00', NULL),
(143, 'The Royal Canin Mother & Baby Cat dry food is specially formulated with a nutritional blend for mother cats and kittens aged 1-4 months. It supports effective immune system enhancement and safeguards the health of both mother cats and kittens', 45, '2023-11-14 21:44:34', '2023-11-14 21:44:34', NULL),
(144, 'Provides essential amino acids for the eyes and improves vision. It contains Omega 3 and Omega 6 from high-quality oil compounds with zinc to nourish the coat and skin of cats. The product is in pellet form and has a delicious flavor to stimulate the sens', 45, '2023-11-14 21:46:18', '2023-11-14 21:46:18', NULL),
(145, 'Royal Canin Maxi Puppy dry dog food is designed for puppies aged 2-15 months. This product is suitable for large-sized dog breeds such as German Shepherds, Alaskans, Rottweilers, Huskies, Golden Retrievers, and others', 45, '2023-11-14 21:52:00', '2023-11-14 21:52:00', NULL),
(146, 'The nutritional dog food product specifically designed for the Poodle breed, featuring a specially crafted kibble shape tailored to this breed. Developed with scientific expertise from ROYAL CANIN and the experience of breeders worldwide, ROYAL CANIN POOD', 45, '2023-11-14 21:55:59', '2023-11-14 21:55:59', NULL),
(147, 'Formulated and designed in France, ensuring high nutritional content to sustain the longest life stage of large dogs, catering to all breeds and sizes. Perfected with advanced presentation technology, it is aromatic and features the right kibble size for ', 45, '2023-11-14 21:58:51', '2023-11-14 21:58:51', NULL),
(148, 'Ganador Adult Salmon and Rice dry dog food for adults is made from real salmon, rich in natural vitamin B that contributes to energy production. It includes Omega 3 and 6 supplements for healthy skin and coat. The rice component, along with yucca, promote', 45, '2023-11-14 22:00:08', '2023-11-14 22:00:08', NULL),
(149, 'Ganador Adult Salmon and Rice dry dog food for adults is made from real salmon, rich in natural vitamin B that contributes to energy production. It includes Omega 3 and 6 supplements for healthy skin and coat. The rice component, along with yucca, promote', 45, '2023-11-14 22:00:59', '2023-11-14 22:00:59', NULL),
(150, '- All-in-one tool removes shed fur, mats and tangles\n- Reduces shedding by up to 90%\n- Smooth edges protect the skin without causing brush burns or irritation\n- Lightweight ergonomic grip\n- Used for years by professional groomers\nDesigned specifically for', 45, '2023-11-15 12:58:29', '2023-11-15 12:58:29', NULL),
(151, '- Controls Shedding: Easily and quickly takes care of shedding, molting and everyday grooming needs. The HairBuster is an excellent remover of any thick, matted fur as well as quick combings in thin, short fur in need of a touch up. Tines gently massage s', 45, '2023-11-15 13:03:14', '2023-11-15 13:03:14', NULL),
(152, '- removes stubborn matted fur - Made of high-quality stainless steel, Our pet detangle effectively removes matted fur, tangles, knots, loose hair, dirt and dander. Your pet will feel brand new!\n tough on tangles, gentle on skin - our comb has safe rounded', 45, '2023-11-15 13:04:35', '2023-11-15 13:04:35', NULL),
(153, '- SUITABLE FOR BOTH SMALL & LARGE AREAS - includes a small and large comb for your convenience.\nROUND & GENTLE COMB TEETH: Unlike dematting combs with sharp teeth, this dog grooming comb features round teeth that break up tangles + effectively remove loos', 45, '2023-11-15 13:06:10', '2023-11-15 13:06:10', NULL),
(154, '- Developed with pawfessional groomers for everyday de-shedding, detangling and removing small mats\nFeatures two brushes and grooming actions in one! One side contains stainless steel tips with a protective coating to remove lose hair and detangle coat; t', 45, '2023-11-15 13:07:59', '2023-11-15 13:07:59', NULL),
(155, '- Heavy Deshedding Blade – The deshedding blade removes excess outer coat hair\n- Detangling Rake – The two rows of `long and short rotating stainless-steel pins remove excess outer coat hair or fur and provide light deshedding and detangling\nSafe and Easy', 45, '2023-11-15 13:09:16', '2023-11-15 13:09:16', NULL),
(156, 'Cats are fastidious creatures who love a clean litter box, and pet parents do too! Contain your kitty\'s mess with Nature\'s Miracle High-Sided Litter Box, made with a built-in odor control to help keep your litter box fresh. This box guards against odors c', 45, '2023-11-15 13:18:04', '2023-11-15 13:18:04', NULL),
(157, 'With our Vibrant Life Extra-Large High Sided Cat Litter Box, not only will your cat feel more comfortable as they tend to their business, but your home will experience the benefits as well. The high-sided design helps your cat feel a higher sense of prote', 45, '2023-11-15 13:19:30', '2023-11-15 13:19:30', NULL),
(158, 'The vibrant life heavy-duty cat litter scoop makes cleaning up after your kitty a cinch. Made of metal and topped, this scoop is superior to plastic varieties. The slotted bottom separates litter from clumps quickly so you can move on to the rest of your ', 45, '2023-11-15 13:21:33', '2023-11-15 13:21:33', NULL),
(159, 'Products Information\n[What’s in the bag]: 1 x Aluminum Alloy Scooper1* Holder\n[Design]: The generous 2 inch depth with a wide mouth design, which makes your shovel so easy and simply done within 2-3 shovels. Each shovel could take up a good volume of litt', 45, '2023-11-15 13:23:32', '2023-11-15 13:23:32', NULL),
(160, '[Comfortable Handle]: scooper made with reinforced rubber, the hardened ergonomic grip, which is comfortable to use and long last. The handle offering you a more comfortable touch and allowing shoveling and sifting the cat litter so smooth and within a si', 45, '2023-11-15 13:25:30', '2023-11-15 13:25:30', NULL),
(161, '[Comfortable Handle]: scooper made with reinforced rubber, the hardened ergonomic grip, which is comfortable to use and long last. The handle offering you a more comfortable touch and allowing shoveling and sifting the cat litter so smooth and within a si', 45, '2023-11-15 13:27:34', '2023-11-15 13:27:34', NULL),
(162, '[Comfortable Handle]: scooper made with reinforced rubber, the hardened ergonomic grip, which is comfortable to use and long last. The handle offering you a more comfortable touch and allowing shoveling and sifting the cat litter so smooth and within a si', 45, '2023-11-15 13:29:13', '2023-11-15 13:29:13', NULL),
(163, '[Comfortable Handle]: scooper made with reinforced rubber, the hardened ergonomic grip, which is comfortable to use and long last. The handle offering you a more comfortable touch and allowing shoveling and sifting the cat litter so smooth and within a si', 45, '2023-11-15 13:30:34', '2023-11-15 13:30:34', NULL),
(164, '[Comfortable Handle]: scooper made with reinforced rubber, the hardened ergonomic grip, which is comfortable to use and long last. The handle offering you a more comfortable touch and allowing shoveling and sifting the cat litter so smooth and within a si', 45, '2023-11-15 13:31:40', '2023-11-15 13:31:40', NULL),
(165, '[Comfortable Handle]: scooper made with reinforced rubber, the hardened ergonomic grip, which is comfortable to use and long last. The handle offering you a more comfortable touch and allowing shoveling and sifting the cat litter so smooth and within a si', 45, '2023-11-15 13:34:11', '2023-11-15 13:34:11', NULL),
(166, '[Comfortable Handle]: scooper made with reinforced rubber, the hardened ergonomic grip, which is comfortable to use and long last. The handle offering you a more comfortable touch and allowing shoveling and sifting the cat litter so smooth and within a si', 45, '2023-11-15 13:35:41', '2023-11-15 13:35:41', NULL),
(167, '[Comfortable Handle]: scooper made with reinforced rubber, the hardened ergonomic grip, which is comfortable to use and long last. The handle offering you a more comfortable touch and allowing shoveling and sifting the cat litter so smooth and within a si', 45, '2023-11-15 13:36:39', '2023-11-15 13:36:39', NULL),
(168, '[Comfortable Handle]: scooper made with reinforced rubber, the hardened ergonomic grip, which is comfortable to use and long last. The handle offering you a more comfortable touch and allowing shoveling and sifting the cat litter so smooth and within a si', 45, '2023-11-15 13:37:57', '2023-11-15 13:37:57', NULL),
(169, '[Comfortable Handle]: scooper made with reinforced rubber, the hardened ergonomic grip, which is comfortable to use and long last. The handle offering you a more comfortable touch and allowing shoveling and sifting the cat litter so smooth and within a si', 45, '2023-11-15 13:39:23', '2023-11-15 13:39:23', NULL),
(170, '[Comfortable Handle]: scooper made with reinforced rubber, the hardened ergonomic grip, which is comfortable to use and long last. The handle offering you a more comfortable touch and allowing shoveling and sifting the cat litter so smooth and within a si', 45, '2023-11-15 13:40:59', '2023-11-15 13:40:59', NULL);
INSERT INTO `posts` (`id`, `content`, `userId`, `createdAt`, `updatedAt`, `status`) VALUES
(171, '[Comfortable Handle]: scooper made with reinforced rubber, the hardened ergonomic grip, which is comfortable to use and long last. The handle offering you a more comfortable touch and allowing shoveling and sifting the cat litter so smooth and within a si', 45, '2023-11-15 13:42:57', '2023-11-15 13:42:57', NULL);
INSERT INTO `posts` (`id`, `content`, `userId`, `createdAt`, `updatedAt`, `status`) VALUES
(172, '[Comfortable Handle]: scooper made with reinforced rubber, the hardened ergonomic grip, which is comfortable to use and long last. The handle offering you a more comfortable touch and allowing shoveling and sifting the cat litter so smooth and within a si', 45, '2023-11-15 13:44:08', '2023-11-15 13:44:08', NULL);
INSERT INTO `posts` (`id`, `content`, `userId`, `createdAt`, `updatedAt`, `status`) VALUES
(173, '[Comfortable Handle]: scooper made with reinforced rubber, the hardened ergonomic grip, which is comfortable to use and long last. The handle offering you a more comfortable touch and allowing shoveling and sifting the cat litter so smooth and within a si', 45, '2023-11-15 13:45:14', '2023-11-15 13:45:14', NULL),
(174, '[Comfortable Handle]: scooper made with reinforced rubber, the hardened ergonomic grip, which is comfortable to use and long last. The handle offering you a more comfortable touch and allowing shoveling and sifting the cat litter so smooth and within a si', 45, '2023-11-15 13:46:46', '2023-11-15 13:46:46', NULL),
(175, '[Comfortable Handle]: scooper made with reinforced rubber, the hardened ergonomic grip, which is comfortable to use and long last. The handle offering you a more comfortable touch and allowing shoveling and sifting the cat litter so smooth and within a si', 45, '2023-11-15 13:47:47', '2023-11-15 13:47:47', NULL),
(176, '[Comfortable Handle]: scooper made with reinforced rubber, the hardened ergonomic grip, which is comfortable to use and long last. The handle offering you a more comfortable touch and allowing shoveling and sifting the cat litter so smooth and within a si', 45, '2023-11-15 13:49:50', '2023-11-15 13:49:50', NULL),
(177, '[Comfortable Handle]: scooper made with reinforced rubber, the hardened ergonomic grip, which is comfortable to use and long last. The handle offering you a more comfortable touch and allowing shoveling and sifting the cat litter so smooth and within a si', 45, '2023-11-15 13:51:09', '2023-11-15 13:51:09', NULL),
(178, '[Comfortable Handle]: scooper made with reinforced rubber, the hardened ergonomic grip, which is comfortable to use and long last. The handle offering you a more comfortable touch and allowing shoveling and sifting the cat litter so smooth and within a si', 45, '2023-11-15 13:52:21', '2023-11-15 13:52:21', NULL),
(179, '[Comfortable Handle]: scooper made with reinforced rubber, the hardened ergonomic grip, which is comfortable to use and long last. The handle offering you a more comfortable touch and allowing shoveling and sifting the cat litter so smooth and within a si', 45, '2023-11-15 13:53:35', '2023-11-15 13:53:35', NULL),
(180, 'delicious', 12, '2023-11-15 14:01:03', '2023-11-26 18:48:29', NULL),
(181, 'delicious', 12, '2023-11-15 14:01:04', '2023-11-15 14:01:04', NULL),
(182, 'Beautiful English Bull Terrier puppies born on the 20.06.23 and ready to leave in August. Bella is our family pet and this is her first litter born of three beautiful girls. Bella is white/fawn/red standard Bull Terrier. Father is a stud we used, he is tr', 45, '2023-11-15 14:47:43', '2023-11-15 14:47:43', NULL),
(183, 'Our family pets Bella & Jock have had a lovely litter off 6 now looking for their forever homes. They are all healthy and happy making wonderful companion dogs. Havanese are loving, fun and intelligent growing very close to their owners. Be aware some wil', 45, '2023-11-15 14:49:28', '2023-11-15 14:49:28', NULL),
(184, 'Beautiful Red/White and White female puppies available, excellent pedigree, kennel Club registered, vaccinated, vet health checked (Certificate) micro chipped, Baer tested ( Hearing) wormed, diet advice, puppy pack, these lovely girls have been born/reare', 45, '2023-11-15 14:51:45', '2023-11-15 14:51:45', NULL),
(185, 'A outstanding bunch of cuties available for five star homes\nVet checked both parents LAD tested and BAER tested all clear from health problems\nWormed flead with kc papers\nMum can be seen\nBoth parents are from strong bloodlines bullseye and emerald bloodli', 45, '2023-11-15 14:53:01', '2023-11-15 14:53:01', NULL),
(186, ' We are thrilled to offer a litter of beautiful Blueberry/Chocoberry with blue eyes Yorkshire terrier pups ❤️Born on 09/09/23🐾. The litter consists of 4 girls and 1 boy. The pups are raised as part of our family so will be well socialised and used to ever', 45, '2023-11-15 14:54:47', '2023-11-15 14:54:47', NULL),
(187, 'For sale\n2 yrs old\nBrilliant with people and dogs\nNever bred\n15 champions in pedigree\nWhite with eye patch', 45, '2023-11-15 14:58:04', '2023-11-15 14:58:04', NULL),
(188, 'Due to a change in circumstances our 3 year old big lad is up for sale\nWe would like him to go to a good home that understands the breed with no other animals or young children\nHe\'s a very energetic young lad that needs a lot of exercise\nHe\'s a beautiful ', 45, '2023-11-15 15:00:35', '2023-11-15 15:00:35', NULL),
(189, 'All pups be clear of dna by parentage\nWhat a litter they had last time 2yrs ago\nReds and tris\nAmazing litter who I have watched grow\nStunning big dogs ones doing amazing in show and had some huge compliments by the judges- hair', 45, '2023-11-15 15:02:12', '2023-11-15 15:02:12', NULL),
(190, 'Hi I have For Sale a German Shepherd Puppy,She is a Real Sweetheart and I was hoping too keep her but due too My Circumstances I will not be able too keep her.She has been Socialized around Adults and Teenagers and Other Puppies.She comes with A Decent Ca', 45, '2023-11-15 15:04:07', '2023-11-15 15:04:07', NULL),
(191, 'We are thrilled to offer a litter of beautiful Blueberry/Chocoberry with blue eyes Yorkshire terrier pups ❤️Born on 09/09/23🐾. The litter consists of 4 girls and 1 boy. The pups are raised as part of our family so will be well socialised and used to every', 45, '2023-11-15 15:06:41', '2023-11-15 15:06:41', NULL),
(192, 'a delightful male cat; needing a new home. He\'s around 2 year\'s old, very friendly, good-natured and animated.\nSeeking a loving home for Tom. If you\'re genuinely interested in acquiring Tom and can give him a good home, please message me.', 45, '2023-11-15 15:11:46', '2023-11-15 15:11:46', NULL),
(193, 'Been well socialised.\nAround cats, dog and children and handled well!\nGorgeous friendly kittens.', 45, '2023-11-15 15:13:31', '2023-11-15 15:13:31', NULL),
(194, '12 week old kitten needs a forever loving home, i took her in for 1 night due to being thrown against a wall...6 weeks later shes still here and unfortunately cant keep her any longer', 45, '2023-11-15 15:14:48', '2023-11-15 15:14:48', NULL),
(195, 'bengal x bombay mixed breed kitten , 4 months old\n(not neutered)\n(not chipped)\n(not worm checked)\n(female)\nhello my name is umran and this kitten is in need of a loving warm cozy home, due to unfortunate circumstances we are resulting in selling this poor', 45, '2023-11-15 15:16:08', '2023-11-15 15:16:08', NULL),
(196, 'Ebt\nFor sale\n2 yrs old\nBrilliant with people and dogs\nNever bred\n15 champions in pedigree\nWhite with eye patch', 45, '2023-11-15 15:18:41', '2023-11-15 15:18:41', NULL),
(197, 'READY NOW Bullnosebullterriers licenced breeders have have 3 white girls left stunning english bullterrier pups for sale\nPups have been bred along side champion blood lines.All coulors available tricoulors\nWhite with head markings brindles and Red and whi', 45, '2023-11-15 15:19:57', '2023-11-15 15:19:57', NULL),
(198, '3 year old Female English Bull Terrier...\nShe is a very loving girl. She is great with other dogs and horses.\nFantastic around children\nDue to personal reasons I\'m having to sell my girl she is KC Registered', 45, '2023-11-15 15:21:17', '2023-11-15 15:21:17', NULL),
(199, 'Hi I have For Sale a German Shepherd Puppy,She is a Real Sweetheart and I was hoping too keep her but due too My Circumstances I will not be able too keep her.She has been Socialized around Adults and Teenagers and Other Puppies.She comes with A Decent Ca', 45, '2023-11-15 15:22:46', '2023-11-15 15:22:46', NULL),
(200, 'hello my name is umran and this kitten is in need of a loving warm cozy home, due to unfortunate circumstances we are resulting in selling this poor baby so soon after taking her in, reason being me and my mother are both allergic to her, she is the singl', 45, '2023-11-15 16:02:11', '2023-11-15 16:02:11', NULL),
(201, 'reduced Hi my girl had her puppy’s on the 23 August mum is shihpoo dad is full pedigree poodle as seen in picture mum is my family pet viewing welcome a deposit of £100 will secure your puppy of choice only homes £750 please don’t hesitate to get in conta', 45, '2023-11-15 16:04:57', '2023-11-15 16:04:57', NULL),
(202, 'Hi I have For Sale a German Shepherd Puppy,She is a Real Sweetheart and I was hoping too keep her but due too My Circumstances I will not be able too keep her.She has been Socialized around Adults and Teenagers and Other Puppies.She comes with A Decent Ca', 45, '2023-11-15 16:06:18', '2023-11-15 16:06:18', NULL),
(203, 'One little boy 13 weeks old flead wormed upto date micro chipped looking for a forever home', 45, '2023-11-15 16:08:10', '2023-11-15 16:08:10', NULL),
(204, 'Our family pets Bella & Jock have had a lovely litter off 6 now looking for their forever homes. They are all healthy and happy making wonderful companion dogs. Havanese are loving, fun and intelligent growing very close to their owners. Be aware some wil', 45, '2023-11-15 16:09:58', '2023-11-15 16:09:58', NULL),
(205, 'Beautiful Red/White and White female puppies available, excellent pedigree, kennel Club registered, vaccinated, vet health checked (Certificate) micro chipped, Baer tested ( Hearing) wormed, diet advice, puppy pack, these lovely girls have been born/reare', 45, '2023-11-15 16:23:15', '2023-11-15 16:23:15', NULL),
(206, 'Hello it was extremely hard decision but we have to find new 5 star forever home for our Luna with no fault on her side due to not enough time for her. She is lovely with kids,cats and other dogs. She is playfull and very smart dog . She is active female.', 45, '2023-11-15 16:25:08', '2023-11-15 16:25:08', NULL),
(207, 'a delightful male cat; needing a new home. He\'s around 2 year\'s old, very friendly, good-natured and animated.\nSeeking a loving home for Tom. If you\'re genuinely interested in acquiring Tom and can give him a good home, please message me.', 45, '2023-11-15 16:27:55', '2023-11-15 16:27:55', NULL),
(208, 'Been well socialised.\nAround cats, dog and children and handled well!\nGorgeous friendly kittens.', 45, '2023-11-15 16:29:18', '2023-11-15 16:29:18', NULL),
(209, '2 yrs old\nBrilliant with people and dogs\nNever bred\n15 champions in pedigree\nWhite with eye patch', 45, '2023-11-15 16:30:46', '2023-11-15 16:30:46', NULL),
(210, '3 year old Female English Bull Terrier...\nShe is a very loving girl. She is great with other dogs and horses.\nFantastic around children\nDue to personal reasons I\'m having to sell my girl she is KC Registered', 45, '2023-11-15 16:33:03', '2023-11-15 16:33:03', NULL),
(211, ' Hi I have For Sale a German Shepherd Puppy,She is a Real Sweetheart and I was hoping too keep her but due too My Circumstances I will not be able too keep her.She has been Socialized around Adults and Teenagers and Other Puppies.She comes with A Decent C', 45, '2023-11-15 16:35:20', '2023-11-15 16:35:20', NULL),
(212, 'Hello it was extremely hard decision but we have to find new 5 star forever home for our Luna with no fault on her side due to not enough time for her. She is lovely with kids,cats and other dogs. She is playfull and very smart dog . She is active female.', 45, '2023-11-15 16:37:45', '2023-11-15 16:37:45', NULL),
(213, 'For sale\n2 yrs old\nBrilliant with people and dogs\nNever bred\n15 champions in pedigree\nWhite with eye patchof puppies. No time wasters. Thanks', 45, '2023-11-15 16:39:05', '2023-11-15 16:39:05', NULL),
(214, 'Our family pets Bella & Jock have had a lovely litter off 6 now looking for their forever homes. They are all healthy and happy making wonderful companion dogs. Havanese are loving, fun and intelligent growing very close to their owners. Be aware some wil', 45, '2023-11-15 16:40:14', '2023-11-15 16:40:14', NULL),
(215, 'Our family pets Bella & Jock have had a lovely litter off 6 now looking for their forever homes. They are all healthy and happy making wonderful companion dogs. Havanese are loving, fun and intelligent growing very close to their owners. Be aware some wil', 45, '2023-11-15 16:41:15', '2023-11-15 16:41:15', NULL),
(217, 'a delightful male cat; needing a new home. He\'s around 2 year\'s old, very friendly, good-natured and animated.\nSeeking a loving home for Tom. If you\'re genuinely interested in acquiring Tom and can give him a good home, please message me.', 45, '2023-11-15 16:43:08', '2023-11-15 16:43:08', NULL),
(218, 'A outstanding bunch of cuties available for five star homes\nVet checked both parents LAD tested and BAER tested all clear from health problems\nWormed flead with kc papers\nMum can be seen\nBoth parents are from strong bloodlines bullseye and emerald bloodli', 45, '2023-11-15 16:44:45', '2023-11-15 16:44:45', NULL),
(219, 'READY NOW Bullnosebullterriers licenced breeders have have 3 white girls left stunning english bullterrier pups for sale\nPups have been bred along side champion blood lines.All coulors available tricoulors\nWhite with head markings brindles and Red and whi', 45, '2023-11-15 16:46:04', '2023-11-15 16:46:04', NULL),
(220, 'A outstanding bunch of cuties available for five star homes\nVet checked both parents LAD tested and BAER tested all clear from health problems\nWormed flead with kc papers\nMum can be seen\nBoth parents are from strong bloodlines bullseye and emerald bloodli', 45, '2023-11-15 16:51:26', '2023-11-15 16:51:26', NULL),
(221, 'hello my name is umran and this kitten is in need of a loving warm cozy home, due to unfortunate circumstances we are resulting in selling this poor baby so soon after taking her in, reason being me and my mother are both allergic to her, she is the singl', 45, '2023-11-15 16:53:09', '2023-11-15 16:53:09', NULL),
(222, 'hello my name is umran and this kitten is in need of a loving warm cozy home, due to unfortunate circumstances we are resulting in selling this poor baby so soon after taking her in, reason being me and my mother are both allergic to her, she is the singl', 45, '2023-11-15 16:54:58', '2023-11-15 16:54:58', NULL),
(223, 'One little boy 13 weeks old flead wormed upto date micro chipped looking for a forever home', 45, '2023-11-15 16:56:04', '2023-11-15 16:56:04', NULL),
(224, '3 year old Female English Bull Terrier...\nShe is a very loving girl. She is great with other dogs and horses.\nFantastic around children\nDue to personal reasons I\'m having to sell my girl she is KC Registered', 45, '2023-11-15 16:57:23', '2023-11-15 16:57:23', NULL),
(225, 'Beautiful English Bull Terrier puppies born on the 20.06.23 and ready to leave in August. Bella is our family pet and this is her first litter born of three beautiful girls. Bella is white/fawn/red standard Bull Terrier. Father is a stud we used, he is tr', 45, '2023-11-15 16:58:42', '2023-11-15 16:58:42', NULL),
(226, 'hello my name is umran and this kitten is in need of a loving warm cozy home, due to unfortunate circumstances we are resulting in selling this poor baby so soon after taking her in, reason being me and my mother are both allergic to her, she is the singl', 45, '2023-11-15 16:59:55', '2023-11-15 16:59:55', NULL),
(228, 'hello my name is umran and this kitten is in need of a loving warm cozy home, due to unfortunate circumstances we are resulting in selling this poor baby so soon after taking her in, reason being me and my mother are both allergic to her, she is the singl', 45, '2023-11-15 17:02:21', '2023-11-15 17:02:21', NULL),
(229, 'Been well socialised.\nAround cats, dog and children and handled well!\nGorgeous friendly kittens.', 45, '2023-11-15 17:03:28', '2023-11-15 17:03:28', NULL),
(230, 'q1', 12, '2023-11-15 18:41:11', '2023-11-15 18:41:11', NULL),
(231, '1', 46, '2023-11-15 18:53:19', '2023-11-15 18:53:19', NULL),
(232, 'Dried Soft Chicken is a favorite treat for dogs. Finely ground chicken meat is dehydrated while retaining moisture inside. Combined with wheat flour to form the treat, it provides nutritional supplementation for your furry friend. Suitable for puppies and', 45, '2023-11-15 21:13:06', '2023-11-15 21:13:06', NULL),
(233, 'The chicken is dehydrated while retaining moisture inside. Tender, chewy, and preserves a richer flavor. Provides nutritional supplementation for your pet, suitable for puppies and adults alike. Suitable for dogs from 2 months old. No preservatives, color', 45, '2023-11-15 21:19:55', '2023-11-15 21:19:55', NULL),
(234, 'The JOYCE & DOLLS Trainer Puppy spray bottle for dogs and cats for proper hygiene training is not just a product but also a phrase representing a professional tool for pet training. Designed to assist dogs and cats in identifying and adhering to specific ', 45, '2023-11-15 21:24:50', '2023-11-15 21:24:50', NULL);
INSERT INTO `posts` (`id`, `content`, `userId`, `createdAt`, `updatedAt`, `status`) VALUES
(235, 'JOYCE & DOLLS Pet Repellent Spray is an excellent product for training dogs and cats to break undesirable habits such as sleeping on beds, rugs, and sofas; chewing on shoes and household items; and encouraging them to form proper hygiene habits within the', 45, '2023-11-15 21:26:38', '2023-11-15 21:26:38', NULL);
INSERT INTO `posts` (`id`, `content`, `userId`, `createdAt`, `updatedAt`, `status`) VALUES
(236, 'Fay En-Rosely is a premium grooming and deodorizing shampoo specially formulated for dogs and cats. It helps pets maintain a clean, beautiful, and shiny coat while providing a fresh scent. It aids in preventing dryness, promoting hair health, and minimizi', 45, '2023-11-15 21:30:38', '2023-11-15 21:30:38', NULL);
INSERT INTO `posts` (`id`, `content`, `userId`, `createdAt`, `updatedAt`, `status`) VALUES
(237, 'Pecomi X specialized pet drying cage with optimal power, helps your pets dry quickly in just minutes. The smartly designed drying cage allows you to easily adjust time, temperature, airflow, odor elimination, and negative ion and ozone sterilization', 45, '2023-11-15 21:33:28', '2023-11-15 21:33:28', NULL),
(239, 'Health and Beyond is a well-established manufacturer of pet care products, with a range of high-quality products designed to keep pets looking and feeling their best. Our product range includes pet hair conditioner, pet shampoo, pet waterless shampoo, pet', 45, '2023-11-16 04:08:05', '2023-11-16 04:08:05', NULL),
(240, 'This is bullDog', 45, '2023-11-16 04:12:34', '2023-11-16 04:12:34', NULL),
(242, 'Your dog will love playing all day with like-minded furry friends in our safe and supervised playrooms. Not only can you check in on how they are doing via our play cams, we will provide daily report cards with photos so you can rest assured they are havi', 45, '2023-11-17 20:29:20', '2023-11-17 20:29:20', NULL),
(243, 'Your dog will love playing all day with like-minded furry friends in our safe and supervised playrooms. Not only can you check in on how they are doing via our play cams, we will provide daily report cards with photos so you can rest assured they are havi', 45, '2023-11-17 20:29:45', '2023-11-17 20:29:45', NULL),
(244, 'Your dog will love playing all day with like-minded furry friends in our safe and supervised playrooms. Not only can you check in on how they are doing via our play cams, we will provide daily report cards with photos so you can rest assured they are havi', 45, '2023-11-17 20:38:13', '2023-11-17 20:38:13', NULL),
(245, 'Yes sned to who', 11, '2023-11-17 20:40:29', '2023-11-17 20:40:29', NULL),
(246, 'Your dog will love playing all day with like-minded furry friends in our safe and supervised playrooms. Not only can you check in on how they are doing via our play cams, we will provide daily report cards with photos so you can rest assured they are havi', 45, '2023-11-17 20:43:44', '2023-11-17 20:43:44', NULL),
(249, '123', 11, '2023-11-17 20:48:53', '2023-11-17 20:48:53', NULL),
(250, '123', 11, '2023-11-17 20:49:23', '2023-11-17 20:49:23', NULL),
(251, 'Your dog will love playing all day with like-minded furry friends in our safe and supervised playrooms. Not only can you check in on how they are doing via our play cams, we will provide daily report cards with photos so you can rest assured they are havi', 45, '2023-11-17 20:50:07', '2023-11-17 20:50:07', NULL),
(252, 'Your dog will love playing all day with like-minded furry friends in our safe and supervised playrooms. Not only can you check in on how they are doing via our play cams, we will provide daily report cards with photos so you can rest assured they are havi', 45, '2023-11-17 20:51:20', '2023-11-17 20:51:20', NULL),
(253, 'Your dog will love playing all day with like-minded furry friends in our safe and supervised playrooms. Not only can you check in on how they are doing via our play cams, we will provide daily report cards with photos so you can rest assured they are havi', 45, '2023-11-17 20:54:00', '2023-11-17 20:54:00', NULL),
(254, 'Your pet’s well-being relies upon routine and consistency, which is why we assign your dog a designated Pet Care Specialist and pick-up window. Group walks provided for up to three dogs at a time. Private walks are subject to availability and are not offe', 45, '2023-11-17 20:57:42', '2023-11-17 20:57:42', NULL),
(255, 'Our grooming service offers convenience, comfort and style. We use hypoallergenic and all-natural oatmeal shampoos for a safe and luxurious experience. In-home available for an additional fee. Priced by breed and weight. By appointment only, no walk-ins.', 45, '2023-11-17 20:59:16', '2023-11-17 20:59:16', NULL),
(256, 'Our extended stay service offers a convenient solution for more active dogs. Each 24 hour stay is fully supervised by our staff and includes daycare, relief walks & all feeding. Live stream available during operating hours to see how your pet is doing. Fo', 45, '2023-11-17 21:00:08', '2023-11-17 21:00:08', NULL),
(257, 'Whether you have a new puppy or your old friend has picked up some bad habits, we’re here to help. Our training team has over 1,000 hours of experience, is GADT certified, ABC certified, CGC Evaluator certified, and specializes in a full range of positive', 45, '2023-11-17 21:01:03', '2023-11-17 21:01:03', NULL),
(258, 'Our goal is to help you stay ahead of the common health issues which plague dogs and their owners. As the only provider with on-site veterinary care our practice is a high-touch environment fostering on-going dialogue with you about your dog’s health need', 45, '2023-11-17 21:02:02', '2023-11-17 21:02:02', NULL),
(259, 'dep trai', 57, '2023-11-17 21:17:34', '2023-11-17 21:17:34', NULL),
(260, 'con cho hao', 57, '2023-11-17 21:22:53', '2023-11-17 21:22:53', NULL),
(261, '2', 3, '2023-11-19 14:24:34', '2023-11-19 14:24:34', NULL),
(262, 'Con Eudkaino song o My', 44, '2023-11-19 21:43:04', '2023-11-19 21:43:04', NULL),
(263, '1', 3, '2023-11-20 09:29:33', '2023-11-20 09:29:33', NULL),
(264, 'Met qua di ak', 3, '2023-11-20 09:45:15', '2023-11-20 09:45:15', NULL),
(265, 'Qua met moi', 3, '2023-11-20 09:48:47', '2023-11-20 09:48:47', NULL),
(266, 'con cho cute', 3, '2023-11-20 09:50:20', '2023-11-20 09:50:20', NULL),
(267, '123', 3, '2023-11-20 10:44:59', '2023-11-20 10:44:59', NULL),
(268, 'Chos Vyx', 3, '2023-11-20 16:12:10', '2023-11-20 16:12:10', NULL),
(269, 'Meo meo', 3, '2023-11-20 16:13:06', '2023-11-20 16:13:06', NULL),
(270, 'darius', 3, '2023-11-20 19:11:39', '2023-11-20 19:11:39', NULL),
(271, 'yone', 3, '2023-11-20 19:12:24', '2023-11-20 19:12:24', NULL),
(272, 'rumble', 3, '2023-11-20 19:13:00', '2023-11-20 19:13:00', NULL),
(273, 'dofnognasokfnasofjasoifjwokmfasldkfmsadlkflasdmflaksdmflksadjflksadjflaskdjfklas', 64, '2023-11-21 10:18:47', '2023-11-21 10:18:47', NULL),
(274, '123213213123213', 64, '2023-11-21 10:45:26', '2023-11-21 10:45:26', NULL),
(275, 'dasdasdsadfsadfasdf', 64, '2023-11-21 10:57:52', '2023-11-21 10:57:52', NULL),
(276, 'Our goal is to help you stay ahead of the common health issues which plague dogs and their owners. As the only provider with on-site veterinary care our practice is a high-touch environment fostering on-going dialogue with you about your dog’s health need', 45, '2023-11-22 20:43:35', '2023-11-22 20:43:35', NULL),
(277, 'Our goal is to help you stay ahead of the common health issues which plague dogs and their owners. As the only provider with on-site veterinary care our practice is a high-touch environment fostering on-going dialogue with you about your dog’s health need', 42, '2023-11-22 20:44:07', '2023-11-22 20:44:07', NULL),
(278, 'Whether you have a new puppy or your old friend has picked up some bad habits, we’re here to help. Our training team has over 1,000 hours of experience, is GADT certified, ABC certified, CGC Evaluator certified, and specializes in a full range of positive', 45, '2023-11-22 20:45:16', '2023-11-22 20:45:16', NULL),
(280, 'Our extended stay service offers a convenient solution for more active dogs. Each 24 hour stay is fully supervised by our staff and includes daycare, relief walks & all feeding. Live stream available during operating hours to see how your pet is doing. Fo', 45, '2023-11-22 20:46:49', '2023-11-22 20:46:49', NULL),
(281, 'Our extended stay service offers a convenient solution for more active dogs. Each 24 hour stay is fully supervised by our staff and includes daycare, relief walks & all feeding. Live stream available during operating hours to see how your pet is doing. Fo', 45, '2023-11-22 20:47:01', '2023-11-22 20:47:01', NULL),
(282, 'Our grooming service offers convenience, comfort and style. We use hypoallergenic and all-natural oatmeal shampoos for a safe and luxurious experience. In-home available for an additional fee. Priced by breed and weight. By appointment only, no walk-ins.', 45, '2023-11-22 20:47:39', '2023-11-22 20:47:39', NULL),
(284, 'Your dog will love playing all day with like-minded furry friends in our safe and supervised playrooms. Not only can you check in on how they are doing via our play cams, we will provide daily report cards with photos so you can rest assured they are havi', 42, '2023-11-22 20:49:02', '2023-11-22 20:49:02', NULL),
(286, 'Our grooming service offers convenience, comfort and style. We use hypoallergenic and all-natural oatmeal shampoos for a safe and luxurious experience. In-home available for an additional fee. Priced by breed and weight. By appointment only, no walk-ins.', 45, '2023-11-22 21:08:44', '2023-11-22 21:08:44', NULL),
(287, 'Chỗ vệ sinh cho bé\nNếu nhà bạn có vườn thì có thể bỏ qua vật dụng này, còn nếu không thì nhất định phải chuẩn bị trước. Bạn có thể dễ dàng tìm mua các loại khay hoặc nhà vệ sinh khác nhau cho các bé. Nhà vệ sinh có nắp có thể hạn chế mùi hôi và cát bị văn', 45, '2023-11-24 12:56:05', '2023-11-24 12:56:05', NULL),
(288, 'Chỗ vệ sinh cho bé\nNếu nhà bạn có vườn thì có thể bỏ qua vật dụng này, còn nếu không thì nhất định phải chuẩn bị trước. Bạn có thể dễ dàng tìm mua các loại khay hoặc nhà vệ sinh khác nhau cho các bé. Nhà vệ sinh có nắp có thể hạn chế mùi hôi và cát bị văn', 45, '2023-11-24 13:03:25', '2023-11-24 13:03:25', NULL),
(289, 'Như chúng ta đã biết hoa quả rất tốt và quan trọng với sức khỏe con người, nó cũng là một trong những thứ bổ dưỡng mà chúng ta có thể ăn hàng ngày. Và bạn có biết không, hoa quả cũng là một thực phẩm ngon và bổ dưỡng có lợi cho sức khỏe của thú cưng.\n\nNhi', 45, '2023-11-24 13:14:20', '2023-11-24 13:14:20', NULL),
(290, 'Như chúng ta đã biết hoa quả rất tốt và quan trọng với sức khỏe con người, nó cũng là một trong những thứ bổ dưỡng mà chúng ta có thể ăn hàng ngày. Và bạn có biết không, hoa quả cũng là một thực phẩm ngon và bổ dưỡng có lợi cho sức khỏe của thú cưng.\n\nNhi', 45, '2023-11-24 13:14:32', '2023-11-24 13:14:32', NULL),
(291, 'Chú chó trắng nhà bạn có bộ lông rất đẹp, nhưng theo thời gian nó cứ dần bị ố vàng và không còn trắng như trước đặc biệt là ở quanh vùng mắt, vùng miệng hoặc dưới bàn chân. Tại sao chú chó đáng yêu của bạn lại bị như vậy? Bạn phải làm thế nào để cải thiện', 45, '2023-11-24 13:20:11', '2023-11-24 13:20:11', NULL),
(292, 'Chú chó trắng nhà bạn có bộ lông rất đẹp, nhưng theo thời gian nó cứ dần bị ố vàng và không còn trắng như trước đặc biệt là ở quanh vùng mắt, vùng miệng hoặc dưới bàn chân. Tại sao chú chó đáng yêu của bạn lại bị như vậy? Bạn phải làm thế nào để cải thiện', 45, '2023-11-24 14:03:10', '2023-11-24 14:03:10', NULL),
(293, 'Chú chó trắng nhà bạn có bộ lông rất đẹp, nhưng theo thời gian nó cứ dần bị ố vàng và không còn trắng như trước đặc biệt là ở quanh vùng mắt, vùng miệng hoặc dưới bàn chân. Tại sao chú chó đáng yêu của bạn lại bị như vậy? Bạn phải làm thế nào để cải thiện', 45, '2023-11-24 14:12:42', '2023-11-24 14:12:42', NULL),
(294, 'Chú chó trắng nhà bạn có bộ lông rất đẹp, nhưng theo thời gian nó cứ dần bị ố vàng và không còn trắng như trước đặc biệt là ở quanh vùng mắt, vùng miệng hoặc dưới bàn chân. Tại sao chú chó đáng yêu của bạn lại bị như vậy? Bạn phải làm thế nào để cải thiện', 45, '2023-11-24 14:15:53', '2023-11-24 14:15:53', NULL),
(295, 'Chỗ vệ sinh cho bé\nNếu nhà bạn có vườn thì có thể bỏ qua vật dụng này, còn nếu không thì nhất định phải chuẩn bị trước. Bạn có thể dễ dàng tìm mua các loại khay hoặc nhà vệ sinh khác nhau cho các bé. Nhà vệ sinh có nắp có thể hạn chế mùi hôi và cát bị văn', 45, '2023-11-24 14:18:14', '2023-11-24 14:18:14', NULL),
(296, 'Chỗ vệ sinh cho bé\nNếu nhà bạn có vườn thì có thể bỏ qua vật dụng này, còn nếu không thì nhất định phải chuẩn bị trước. Bạn có thể dễ dàng tìm mua các loại khay hoặc nhà vệ sinh khác nhau cho các bé. Nhà vệ sinh có nắp có thể hạn chế mùi hôi và cát bị văn', 45, '2023-11-24 14:18:52', '2023-11-24 14:18:52', NULL),
(297, 'Như chúng ta đã biết hoa quả rất tốt và quan trọng với sức khỏe con người, nó cũng là một trong những thứ bổ dưỡng mà chúng ta có thể ăn hàng ngày. Và bạn có biết không, hoa quả cũng là một thực phẩm ngon và bổ dưỡng có lợi cho sức khỏe của thú cưng.\n\nNhi', 45, '2023-11-24 14:20:41', '2023-11-24 14:20:41', NULL),
(298, 'Chú chó trắng nhà bạn có bộ lông rất đẹp, nhưng theo thời gian nó cứ dần bị ố vàng và không còn trắng như trước đặc biệt là ở quanh vùng mắt, vùng miệng hoặc dưới bàn chân. Tại sao chú chó đáng yêu của bạn lại bị như vậy? Bạn phải làm thế nào để cải thiện', 45, '2023-11-24 14:22:08', '2023-11-24 14:22:08', NULL),
(299, 'Chú chó trắng nhà bạn có bộ lông rất đẹp, nhưng theo thời gian nó cứ dần bị ố vàng và không còn trắng như trước đặc biệt là ở quanh vùng mắt, vùng miệng hoặc dưới bàn chân. Tại sao chú chó đáng yêu của bạn lại bị như vậy? Bạn phải làm thế nào để cải thiện', 45, '2023-11-24 14:22:27', '2023-11-24 14:22:27', NULL),
(300, 'Việc sở hữu một vật nuôi mang lại cho bạn rất nhiều lợi ích, đặc biệt là về sức khỏe. Nuôi thú cưng không chỉ giúp bạn giảm huyết áp, giảm mức cholesterol mà mức chất béo trung tính mà còn có thể giúp bạn giảm bớt sự cô đơn và tránh trầm cảm. Bởi vô vàn n', 45, '2023-11-24 14:42:54', '2023-11-24 14:42:54', NULL),
(301, 'Hạt khô cho mèo là một loại thức ăn được làm từ các nguyên liệu khô và được nướng để tạo ra các hạt có kích thước nhỏ, dễ ăn. Thường được sử dụng làm thức ăn bổ sung hoặc thưởng cho mèo, đặc biệt là khi chủ nuôi không thể thường xuyên cho chúng ăn thức ăn', 45, '2023-11-24 14:46:24', '2023-11-24 14:46:24', NULL),
(302, '321', 3, '2023-11-24 22:11:18', '2023-11-24 22:11:18', NULL),
(303, 'Hạt khô cho mèo là một loại thức ăn được làm từ các nguyên liệu khô và được nướng để tạo ra các hạt có kích thước nhỏ, dễ ăn. Thường được sử dụng làm thức ăn bổ sung hoặc thưởng cho mèo, đặc biệt là khi chủ nuôi không thể thường xuyên cho chúng ăn thức ăn', 45, '2023-11-25 14:22:31', '2023-11-25 14:22:31', NULL),
(304, 'Hạt khô cho mèo là một loại thức ăn được làm từ các nguyên liệu khô và được nướng để tạo ra các hạt có kích thước nhỏ, dễ ăn. Thường được sử dụng làm thức ăn bổ sung hoặc thưởng cho mèo, đặc biệt là khi chủ nuôi không thể thường xuyên cho chúng ăn thức ăn', 45, '2023-11-25 14:30:47', '2023-11-25 14:30:47', NULL),
(305, '<p><strong><em>Chán quá haizz </em></strong></p><p><strong style=\"color: rgb(230, 0, 0);\"><em>HUHU</em></strong></p>', 64, '2023-11-25 19:23:03', '2023-11-25 19:23:03', NULL),
(306, '<p><strong>Haizzzz</strong></p><p><em>OK</em></p><p><em>asdasd</em></p><p><br></p><h1 class=\"ql-align-right\"><em>asdadsadadasdasdasd</em></h1>', 64, '2023-11-25 19:27:31', '2023-11-25 19:27:31', NULL),
(307, '<p>asdasdsad</p>', 64, '2023-11-25 19:34:10', '2023-11-25 19:34:10', NULL),
(308, 'Hạt khô cho mèo là một loại thức ăn được làm từ các nguyên liệu khô và được nướng để tạo ra các hạt có kích thước nhỏ, dễ ăn. Thường được sử dụng làm thức ăn bổ sung hoặc thưởng cho mèo, đặc biệt là khi chủ nuôi không thể thường xuyên cho chúng ăn thức ăn', 45, '2023-11-25 19:41:26', '2023-11-25 19:41:26', NULL),
(310, '<p>xcvxcvdfgjsufhjsfns</p>', 45, '2023-11-26 10:33:42', '2023-11-26 10:33:42', NULL),
(311, '<p>xcvxcvdfgjsufhjsfns</p>', 45, '2023-11-26 10:33:43', '2023-11-26 10:33:43', NULL),
(312, '<p>dfgdfdfg</p>', 45, '2023-11-26 10:34:15', '2023-11-26 10:34:15', NULL),
(313, '<p>sgdgdgsdgdg</p>', 45, '2023-11-26 10:34:46', '2023-11-26 10:34:46', NULL),
(314, '<h2 class=\"ql-align-justify\"><strong class=\"ql-font-monospace\">I. Chỗ vệ sinh cho bé</strong></h2><p class=\"ql-align-justify\"><span class=\"ql-font-monospace\">Nếu nhà bạn có vườn thì có thể bỏ qua vật dụng này, còn nếu không thì nhất định phải chuẩn bị trư', 45, '2023-11-26 10:40:23', '2023-11-26 10:40:23', NULL),
(315, '<p><span class=\"ql-font-monospace\">Như chúng ta đã biết hoa quả rất tốt và quan trọng với sức khỏe con người, nó cũng là một trong những thứ bổ dưỡng mà chúng ta có thể ăn hàng ngày. Và bạn có biết không, hoa quả cũng là một thực phẩm ngon và bổ dưỡng có ', 45, '2023-11-26 10:49:43', '2023-11-26 10:49:43', NULL),
(316, '<h2 class=\"ql-align-justify\"><strong class=\"ql-font-monospace\">Tại sao lông chó trắng thường bị ố vàng?</strong></h2><p class=\"ql-align-justify\"><span class=\"ql-font-monospace\">Theo thời gian lông các chú chó thường bị ố vàng nhưng những chú chó có bộ lôn', 45, '2023-11-26 10:52:23', '2023-11-26 10:52:23', NULL),
(317, '<p class=\"ql-align-justify\"><span style=\"background-color: rgb(255, 255, 255); color: rgb(119, 119, 119);\" class=\"ql-font-monospace\">Việc sở hữu một vật nuôi mang lại cho bạn rất nhiều lợi ích, đặc biệt là về sức khỏe. Nuôi thú cưng không chỉ giúp bạn giả', 45, '2023-11-26 10:53:41', '2023-11-26 10:53:41', NULL),
(318, '<h2 class=\"ql-align-justify\"><span class=\"ql-font-monospace\">I. Sơ Lượt Nguồn Gốc Chó Alaska</span></h2><p class=\"ql-align-justify\"><span class=\"ql-font-monospace\">Chó Alaska Malamute, có nguồn gốc từ loài sói tuyết hoang dã được thuần hóa, trở thành một ', 45, '2023-11-26 11:00:53', '2023-11-26 11:00:53', NULL),
(319, '<h2><strong>Những đồ cần chuẩn bị khi nuôi mèo:</strong></h2><h3><strong>Chỗ vệ sinh cho bé</strong></h3><p>Nếu nhà bạn có vườn thì có thể bỏ qua vật dụng này, còn nếu không thì nhất định phải chuẩn bị trước. Bạn có thể dễ dàng tìm mua các loại khay hoặc ', 45, '2023-11-26 14:51:23', '2023-11-26 14:51:23', NULL),
(320, '<h2><strong>Những đồ cần chuẩn bị khi nuôi mèo:</strong></h2><h3><strong>Chỗ vệ sinh cho bé</strong></h3><p>Nếu nhà bạn có vườn thì có thể bỏ qua vật dụng này, còn nếu không thì nhất định phải chuẩn bị trước. Bạn có thể dễ dàng tìm mua các loại khay hoặc ', 45, '2023-11-26 14:52:08', '2023-11-26 14:52:08', NULL),
(321, '<h2 class=\"ql-align-justify\"><strong class=\"ql-font-monospace\">Những đồ cần chuẩn bị khi nuôi mèo:</strong></h2><h3 class=\"ql-align-justify\"><strong class=\"ql-font-monospace\">Chỗ vệ sinh cho bé</strong></h3><p class=\"ql-align-justify\"><span class=\"ql-font', 45, '2023-11-26 14:58:21', '2023-11-26 14:58:21', NULL),
(322, '<p class=\"ql-align-justify\"><span class=\"ql-font-monospace\">Như chúng ta đã biết hoa quả rất tốt và quan trọng với sức khỏe con người, nó cũng là một trong những thứ bổ dưỡng mà chúng ta có thể ăn hàng ngày. Và bạn có biết không, hoa quả cũng là một thực ', 45, '2023-11-26 14:59:35', '2023-11-26 14:59:35', NULL),
(323, '<h2 class=\"ql-align-justify\"><strong class=\"ql-font-monospace\">Tại sao lông chó trắng thường bị ố vàng?</strong></h2><p class=\"ql-align-justify\"><span class=\"ql-font-monospace\">Theo thời gian lông các chú chó thường bị ố vàng nhưng những chú chó có bộ lôn', 45, '2023-11-26 15:00:48', '2023-11-26 15:00:48', NULL),
(324, '<p class=\"ql-align-justify\"><span style=\"background-color: rgb(255, 255, 255); color: rgb(119, 119, 119);\" class=\"ql-font-monospace\">Việc sở hữu một vật nuôi mang lại cho bạn rất nhiều lợi ích, đặc biệt là về sức khỏe. Nuôi thú cưng không chỉ giúp bạn giả', 45, '2023-11-26 15:02:35', '2023-11-26 15:02:35', NULL),
(325, '<h2 class=\"ql-align-justify\"><span class=\"ql-font-monospace\">Nguồn gốc của mèo Xiêm</span></h2><p class=\"ql-align-justify\"><span class=\"ql-font-monospace\">Mèo Xiêm là giống mèo có lịch sử khá lâu đời, chưa có thông tin nào xác thực và được công nhận về ng', 45, '2023-11-26 15:04:33', '2023-11-26 15:04:33', NULL),
(326, '<h2 class=\"ql-align-justify\"><span class=\"ql-font-monospace\">Nguồn gốc của chó Cỏ</span></h2><p class=\"ql-align-justify\"><span class=\"ql-font-monospace\">Không ai biết chó Cỏ chính xác đã xuất hiện từ khi nào, bởi vì suốt chiều dài lịch sử chúng đã đồng hà', 45, '2023-11-26 15:06:33', '2023-11-26 15:06:33', NULL),
(327, '<p>dfsdfgesdgsegwertegdsfmjhl;;</p>', 11, '2023-11-26 15:54:49', '2023-11-26 15:54:49', NULL),
(328, 'CKASLD', 64, '2023-11-27 03:55:50', '2023-11-27 03:55:50', NULL),
(329, '<p>Hello</p>', 21, '2023-11-27 06:26:26', '2023-11-27 06:26:26', NULL),
(330, '<p>ok</p>', 21, '2023-11-27 06:28:33', '2023-11-27 06:28:33', NULL),
(331, 'Canvas bags are used to store/carry pets when going out or going out, which is very convenient, safe, and makes pets feel comfortable.\r\n', 45, '2023-11-27 08:35:22', '2023-11-27 08:35:22', NULL),
(332, 'Canvas bags are used to store/carry pets when going out or going out, which is very convenient, safe, and makes pets feel comfortable.\r\n', 45, '2023-11-27 08:35:48', '2023-11-27 08:35:48', NULL),
(333, 'Cats (more precisely, domestic cats to distinguish them from other species of the Cat family ) are small, carnivorous mammals that live with humans, are raised to hunt pests or as pets. with dog . Cats have lived closely with humans for at least 9,500 yea', 45, '2023-11-27 08:37:26', '2023-11-27 08:37:26', NULL),
(334, '<p>Chăm sóc chó và mèo là một trách nhiệm đáng tin cậy và đầy hạnh phúc, mang lại niềm vui và sự đồng hành trong cuộc sống của chúng ta. Cả chó và mèo đều có nhu cầu riêng biệt, và việc chăm sóc đúng đắn đòi hỏi sự chú ý, tình yêu, và các xem xét thực tế.', 45, '2023-11-27 08:41:52', '2023-11-27 08:41:52', NULL),
(335, 'awraegsgdfgdfgsasfgasdgsdgasgsgsagasg', 45, '2023-11-28 06:41:17', '2023-11-28 06:41:17', NULL),
(336, 'asdasdasdasdasd', 45, '2023-11-28 06:41:58', '2023-11-28 06:41:58', NULL),
(337, '<p>sasdasdsdasdfasfafafasfafzxczxczxczxczczczxc</p>', 45, '2023-11-28 06:43:25', '2023-11-28 06:43:25', NULL);

INSERT INTO `product_orders` (`id`, `orderId`, `productId`, `quantity`, `createdAt`, `updatedAt`) VALUES
(214, 254, 130, 1, '2023-11-21 17:33:19', '2023-11-21 17:33:19');
INSERT INTO `product_orders` (`id`, `orderId`, `productId`, `quantity`, `createdAt`, `updatedAt`) VALUES
(239, 297, 131, 4, '2023-11-27 00:47:42', '2023-11-27 00:47:42');
INSERT INTO `product_orders` (`id`, `orderId`, `productId`, `quantity`, `createdAt`, `updatedAt`) VALUES
(240, 314, 130, 7, '2023-11-27 07:07:17', '2023-11-27 07:07:17');
INSERT INTO `product_orders` (`id`, `orderId`, `productId`, `quantity`, `createdAt`, `updatedAt`) VALUES
(241, 314, 120, 4, '2023-11-27 07:07:17', '2023-11-27 07:07:17'),
(242, 315, 128, 4, '2023-11-27 08:29:36', '2023-11-27 08:29:36');

INSERT INTO `products` (`id`, `productName`, `typeOfPet`, `typeofProduct`, `image`, `quantity`, `price`, `size`, `postId`, `createdAt`, `updatedAt`, `status`, `ban`, `sold`, `expiredDate`) VALUES
(6, 'WHISKAS® JUNIOR FISH FLAVOR CAT FOOD PACK FOR KITTENS AGED 2-12 MONTHS', 'Cat', 'Food', './public/productImages/1697515196699_GÓI-THỨC ĂN WHISKAS® JUNIOR VỊ CÁ THU DÀNH CHO MÈO CON TỪ 2-12 THÁNG TUỔI.png', 29, 230000, '1.1', 13, '2023-10-17 03:59:57', '2023-11-26 10:09:27', 'accepted', '', NULL, '2027-07-20');
INSERT INTO `products` (`id`, `productName`, `typeOfPet`, `typeofProduct`, `image`, `quantity`, `price`, `size`, `postId`, `createdAt`, `updatedAt`, `status`, `ban`, `sold`, `expiredDate`) VALUES
(7, 'WHISKAS® JUNIOR DRY CAT FOOD, SEAFOOD AND MILK FLAVOR FOR KITTENS', 'Cat', 'Food', './public/productImages/1697547399731_THỨC-ĂN KHÔ WHISKAS® JUNIOR VỊ CÁ BIỂN VÀ SỮA DÀNH CHO MÈO CON.png', 129, 235000, '1.1', 15, '2023-10-17 12:56:40', '2023-11-22 17:16:13', 'accepted', '', NULL, '2025-03-27');
INSERT INTO `products` (`id`, `productName`, `typeOfPet`, `typeofProduct`, `image`, `quantity`, `price`, `size`, `postId`, `createdAt`, `updatedAt`, `status`, `ban`, `sold`, `expiredDate`) VALUES
(23, 'WHISKAS® ADULT 1+ WET FISH FLAVOR CAT FOOD POUCH FOR ADULT CATS', 'Cat', 'Food', './public/productImages/1697833498243_WHISKAS®-ADULT 1+ WET FISH FLAVOR CAT FOOD POUCH FOR ADULT CATS.png', 234, 30000, '0.5', 38, '2023-10-20 20:25:00', '2023-11-08 14:17:40', 'accepted', '', NULL, '2023-11-15');
INSERT INTO `products` (`id`, `productName`, `typeOfPet`, `typeofProduct`, `image`, `quantity`, `price`, `size`, `postId`, `createdAt`, `updatedAt`, `status`, `ban`, `sold`, `expiredDate`) VALUES
(26, 'SMARTHEART ADULT DOG FOOD - BEEF FLAVOR', 'Cat', 'Food', './public/productImages/1697836292765_SMARTHEART-ADULT DOG FOOD - BEEF FLAVOR.jpeg', 219, 150000, '1.1', 41, '2023-10-20 21:11:39', '2023-11-21 17:34:28', 'accepted', '', NULL, '2025-11-23'),
(86, 'Kitten Food - Neutrino Cat', 'Cat', 'Food', './public/productImages/1699996856940_Kitten-Food - Neutrino.png', 199, 240000, '0.45', 135, '2023-11-14 21:20:58', '2023-11-15 16:07:57', 'accepted', '', NULL, '2025-04-10'),
(87, 'Adult Cat Food - Brutrino Cat', 'Cat', 'Food', './public/productImages/1699996979220_Adult-Cat Food - Brutrino Cat.jpeg', 230, 250000, '0.45', 136, '2023-11-14 21:23:01', '2023-11-14 21:23:01', 'accepted', '', NULL, '2026-03-01'),
(88, 'SmartHeart Power Pack dog food for adults', 'Dog', 'Food', './public/productImages/1699997197809_SmartHeart-Power Pack dog food for adults.png', 250, 250000, '3', 137, '2023-11-14 21:26:39', '2023-11-14 21:26:39', 'accepted', '', NULL, '2026-07-18'),
(89, 'Dr. Kyan Predogen powdered milk for dogs in can format', 'Dog', 'Food', './public/productImages/1699997453979_Dr.-Kyan Predogen powdered milk for dogs in can format.jpeg', 235, 160000, '0.4', 138, '2023-11-14 21:30:56', '2023-11-26 14:40:26', 'accepted', '', NULL, '2026-10-24'),
(90, 'Dr. Kyan Precaten powdered milk for cats', 'Cat', 'Food', './public/productImages/1699997674413_Dr.-Kyan Precaten powdered milk for cats.jpeg', 263, 170000, '0.11', 139, '2023-11-14 21:34:36', '2023-11-14 21:34:36', 'accepted', '', NULL, '2027-03-09'),
(92, 'Royal Canin Hair & Skin Dry Cat Food', 'Cat', 'Food', './public/productImages/1699998076574_Royal-Canin Hair & Skin Dry Cat Food.jpeg', 223, 202000, '1.1', 141, '2023-11-14 21:41:17', '2023-11-14 21:41:17', 'accepted', '', NULL, '2024-11-23'),
(93, 'Royal Canin Mother & Baby Cat dry cat food', 'Cat', 'Food', './public/productImages/1699998178635_Royal-Canin Mother & Baby Cat dry cat food.jpeg', 108, 203000, '1', 142, '2023-11-14 21:43:00', '2023-11-16 01:20:36', 'accepted', '', NULL, '2027-03-09'),
(94, 'Me-O Kitten Dry Food for Kittens with a seafood flavor', 'Cat', 'Food', './public/productImages/1699998273200_Me-O-Kitten Dry Food for Kittens with a seafood flavor.jpeg', 234, 167000, '1.1', 143, '2023-11-14 21:44:35', '2023-11-14 21:44:35', 'accepted', '', NULL, '2027-09-10'),
(95, 'Me-O Adult Cat Food with Seafood Flavor', 'Cat', 'Food', './public/productImages/1699998377052_Me-O-Adult Cat Food with Seafood Flavor.jpeg', 301, 185000, '1.2', 144, '2023-11-14 21:46:18', '2023-11-21 19:44:39', 'accepted', '', NULL, '2027-07-20'),
(96, 'Royal Canin Maxi Puppy dry dog food', 'Dog', 'Food', './public/productImages/1699998718622_Royal-Canin Maxi Puppy dry dog food.jpeg', 241, 1750000, '5', 145, '2023-11-14 21:52:00', '2023-11-14 21:52:00', 'accepted', '', NULL, '2027-06-05'),
(97, 'Royal Canin Poodle dry dog food', 'Dog', 'Food', './public/productImages/1699998958183_Royal-Canin Poodle dry dog food.png', 145, 400000, '1.5', 146, '2023-11-14 21:56:00', '2023-11-14 21:56:00', 'accepted', '', NULL, '2027-04-24'),
(98, 'Ganador Adult dry dog food for large breeds.', 'Dog', 'Food', './public/productImages/1699999130387_Ganador-Adult dry dog food for large breeds..png', 124, 280000, '1.5', 147, '2023-11-14 21:58:52', '2023-11-14 21:58:52', 'accepted', '', NULL, '2027-01-20'),
(100, 'Ganador Adult dry dog food for adults with Salmon & Rice flavor', 'Dog', 'Food', './public/productImages/1699999257772_Ganador-Adult dry dog food for adults with Salmon & Rice flavor.jpeg', 160, 380000, '1.5', 149, '2023-11-14 22:00:59', '2023-11-21 19:44:39', 'accepted', '', NULL, '2026-10-24'),
(101, 'Oster ShedMonster De-Shedding Tool for Cats', 'Dog and Cat', 'Others', './public/productImages/1700053103378_Oster-ShedMonster De-Shedding Tool for Cats.jpeg', 124, 500000, 'S', 150, '2023-11-15 12:58:30', '2023-11-15 12:58:30', 'accepted', '', NULL, '2026-09-09'),
(103, 'Pets First Professional Pet Mat Remover - Dematting Tool for Grooming Cats & Dogs', 'Dog and Cat', 'Others', './public/productImages/1700053471153_Pets-First Professional Pet Mat Remover - Dematting Tool for Grooming Cats & Dogs.jpeg', 433, 650000, 'S', 152, '2023-11-15 13:04:36', '2023-11-15 13:04:36', 'accepted', '', NULL, NULL),
(104, 'Pets First 2 Pack Dog Comb Small & Large PET Comb for Small & Large Breeds & Areas', 'Dog', 'Others', './public/productImages/1700053563746_Pets-First 2 Pack Dog Comb Small & Large PET Comb for Small & Large Breeds & Areas.jpeg', 322, 340000, 'S', 153, '2023-11-15 13:06:10', '2023-11-15 13:06:10', 'accepted', '', NULL, '2023-12-01'),
(105, 'Hartz Groomer\'s Best Combo Dog Brush, Multi-Colored', 'Dog', 'Others', './public/productImages/1700053649350_Hartz-Groomer\'s Best Combo Dog Brush, Multi-Colored.jpeg', 455, 540000, 'S', 154, '2023-11-15 13:08:00', '2023-11-15 13:08:00', 'accepted', '', NULL, '2024-02-08'),
(107, 'Nature\'s Miracle High Sided Cat Litter Box, Easy Clean Spout', 'Cat', 'Others', './public/productImages/1700054279645_Nature\'s-Miracle High Sided Cat Litter Box, Easy Clean Spout.png', 486, 1330000, 'S', 156, '2023-11-15 13:18:05', '2023-11-15 13:18:05', 'accepted', '', NULL, '2024-01-22'),
(108, 'Vibrant Life High Sided Cat Litter Box', 'Cat', 'Others', './public/productImages/1700054364376_Vibrant-Life High Sided Cat Litter Box.png', 248, 1130000, 'S', 157, '2023-11-15 13:19:30', '2023-11-15 13:19:30', 'accepted', '', NULL, '2024-02-25'),
(109, 'Vibrant Life Heavy Duty Cat Litter Scoop', 'Cat', 'Others', './public/productImages/1700054489843_Vibrant-Life Heavy Duty Cat Litter Scoop.png', 339, 410000, 'S', 158, '2023-11-15 13:21:33', '2023-11-15 13:21:33', 'accepted', '', NULL, '2024-03-13'),
(111, 'Natural Safety Cat Scratcher Built-In Catnip Corrugated Cat Scratch Toy Board Cardboard', 'Cat', 'Toy', './public/productImages/1700054727121_Natural-Safety Cat Scratcher Built-In Catnip Corrugated Cat Scratch Toy Board Cardboard.png', 119, 1900000, 'S', 160, '2023-11-15 13:25:31', '2023-11-15 13:25:31', 'accepted', '', NULL, NULL),
(112, 'PAKEWAY High Quality Large Plush Cat Tree Sisal Cat Tower with Hammock Teasing Ball', 'Cat', 'Toy', './public/productImages/1700054846165_PAKEWAY-High Quality Large Plush Cat Tree Sisal Cat Tower with Hammock Teasing Ball.png', 225, 1700000, 'L', 161, '2023-11-15 13:27:42', '2023-11-15 13:27:42', 'accepted', '', NULL, NULL),
(113, 'Pet Product Cat Tree Furniture Cat Perches Climbing Shelf Cat Mounted Wall Shelves', 'Cat', 'Toy', './public/productImages/1700054950524_Pet-Product Cat Tree Furniture Cat Perches Climbing Shelf Cat Mounted Wall Shelves.png', 457, 1400000, 'L', 162, '2023-11-15 13:29:14', '2023-11-21 20:03:07', 'accepted', '', NULL, NULL),
(118, 'Premium Magic Transparent Plastic Cat Electronic Automatic Flashing Cat Ball Interactive Kitten Toys With Button', 'Cat', 'Toy', './public/productImages/1700055395805_Premium-Magic Transparent Plastic Cat Electronic Automatic Flashing Cat Ball Interactive Kitten Toys With Button.png', 260, 140000, 'S', 167, '2023-11-15 13:36:39', '2023-11-21 19:44:40', 'accepted', '', NULL, NULL),
(119, 'Cute cat toys plush fur toy shake movement mouse handmade pet toy', 'Cat', 'Toy', './public/productImages/1700055473818_cute-cat toys plush fur toy shake movement mouse handmade pet toy.png', 299, 156000, 'S', 168, '2023-11-15 13:37:59', '2023-11-15 13:37:59', 'accepted', '', NULL, '2023-11-15'),
(120, 'PAKEWAY Wooden Cat House Tree Pet Furniture Modern Furniture Tower Climbing', 'Cat', 'Toy', './public/productImages/1700055559614_PAKEWAY-Wooden Cat House Tree Pet Furniture Modern Furniture Tower Climbing.png', 171, 1560000, 'L', 169, '2023-11-15 13:39:24', '2023-11-27 07:07:19', 'accepted', '', NULL, NULL),
(122, 'Direct Sales Price Wholesalers High Protein Chicken Meat Cube Pet Dry Food Freeze Dried Cat Dog Treats Food', 'Cat', 'Toy', './public/productImages/1700055772396_Direct-Sales Price Wholesalers High Protein Chicken Meat Cube Pet Dry Food Freeze Dried Cat Dog Treats Food.png', 287, 69000, '0.5', 171, '2023-11-15 13:42:57', '2023-11-24 17:35:50', 'accepted', '', NULL, NULL),
(123, 'Customized Pet Dog Food Cat Food Composite With Zipper Flat Bottom Pet Food Packaging Bag', 'Cat', 'Toy', './public/productImages/1700055842263_Customized-Pet Dog Food Cat Food Composite With Zipper Flat Bottom Pet Food Packaging Bag.png', 296, 69000, '1.1', 172, '2023-11-15 13:44:08', '2023-11-21 20:03:07', 'accepted', '', NULL, NULL),
(125, 'Source factory price wholesale high protein cat dog baked pet food dry', 'Dog and Cat', 'Food', './public/productImages/1700056001816_Source-factory price wholesale high protein cat dog baked pet food dry.png', 123, 79000, '5', 174, '2023-11-15 13:46:48', '2023-11-26 19:00:23', 'accepted', '', NULL, '2024-05-20'),
(128, 'Strength Factory Cat Treats Wholesale Multiple Flavors Pet Dog Cat Food', 'Dog and Cat', 'Food', './public/productImages/1700056265045_Strength-Factory Cat Treats Wholesale Multiple Flavors Pet Dog Cat Food.png', 452, 69000, '0.45', 177, '2023-11-15 13:51:09', '2023-11-27 08:29:37', 'accepted', '', NULL, '2024-07-27'),
(129, 'OEM Pet Cat Wet Food Cat Canned Cat Treats Canned Dog Food factory', 'Dog and Cat', 'Food', './public/productImages/1700056335154_OEM-Pet Cat Wet Food Cat Canned Cat Treats Canned Dog Food factory.png', 121, 69000, '0.3', 178, '2023-11-15 13:52:22', '2023-11-24 17:07:11', 'accepted', '', NULL, '2024-08-13'),
(130, 'OEM Cat Food Factory Exports 10KG Natural Raw Fish Flavors Fish Shapes All Age Cat Food', 'Cat', 'Food', './public/productImages/1700056411096_OEM-Cat Food Factory Exports 10KG Natural Raw Fish Flavors Fish Shapes All Age Cat Food.png', 443, 69000, '1.1', 179, '2023-11-15 13:53:37', '2023-11-27 07:07:18', 'accepted', '', NULL, '2024-09-16'),
(131, 'Factory wholesale OEM high quality beef flavor pouch cat food wet cat treats cat wet food', 'Dog', 'Food', './public/productImages/1700056859355_Factory-wholesale OEM high quality beef flavor pouch cat food wet cat treats cat wet food.png', 217, 100000, '0.45', 180, '2023-11-15 14:01:04', '2023-11-27 00:47:43', 'accepted', '', NULL, '2024-11-06');

INSERT INTO `services` (`id`, `serviceName`, `servicePrice`, `postId`, `createdAt`, `updatedAt`, `status`, `content`, `image`, `ban`) VALUES
(18, 'Veterinary', 1200000, 277, '2023-11-22 20:44:07', '2023-11-22 20:44:07', NULL, 'Our goal is to help you stay ahead of the common health issues which plague dogs and their owners. As the only provider with on-site veterinary care our practice is a high-touch environment fostering on-going dialogue with you about your dog’s health need', './public/serviceImages/1700685848363_Veterinary.jpeg', NULL);
INSERT INTO `services` (`id`, `serviceName`, `servicePrice`, `postId`, `createdAt`, `updatedAt`, `status`, `content`, `image`, `ban`) VALUES
(26, 'Daycare', 1000000, 284, '2023-11-22 20:49:02', '2023-11-22 20:49:02', NULL, 'Your dog will love playing all day with like-minded furry friends in our safe and supervised playrooms. Not only can you check in on how they are doing via our play cams, we will provide daily report cards with photos so you can rest assured they are havi', './public/serviceImages/1700686143445_Daycare.png', NULL);


INSERT INTO `users` (`id`, `email`, `userName`, `fullName`, `password`, `role`, `dob`, `gender`, `phoneNumber`, `address`, `rate`, `avatar`, `createdAt`, `updatedAt`, `status`, `bio`, `ban`, `STK`, `bank`) VALUES
(3, 'haonnse170355@fpt.edu.vn', 'haven23082003', 'Nguyen Nhat Hao', '$2b$10$vDzfxTe4..HKFFHvNx4ULupbf17Z7cwTSQB6RTk4gjlp6Olaoaw4i', 'US', '2020-06-13', 'Male', '0374676054', 'S703 Vinhomes Grand Park', NULL, NULL, '2023-10-15 18:00:26', '2023-11-08 05:33:12', NULL, NULL, NULL, ' 123456789012 ', 'ACB');
INSERT INTO `users` (`id`, `email`, `userName`, `fullName`, `password`, `role`, `dob`, `gender`, `phoneNumber`, `address`, `rate`, `avatar`, `createdAt`, `updatedAt`, `status`, `bio`, `ban`, `STK`, `bank`) VALUES
(11, 'binhtxse170233@fpt.edu.vn', 'thangbinhbeo', 'Trịnh Xuân Bình', '$2b$10$Yfit1o0I8SAX8rW0L5G3jOmiKjTIjdNvmUX.jXMr/9/HvMOrL3ACu', 'US', '2003-05-21', 'Male', '0838097512', 'S703 Vinhomes Grand Park', NULL, NULL, '2023-10-20 18:36:51', '2023-10-20 18:36:51', NULL, NULL, NULL, ' 987654321098', 'Agribank');
INSERT INTO `users` (`id`, `email`, `userName`, `fullName`, `password`, `role`, `dob`, `gender`, `phoneNumber`, `address`, `rate`, `avatar`, `createdAt`, `updatedAt`, `status`, `bio`, `ban`, `STK`, `bank`) VALUES
(12, 'quanghnse170229@fpt.edu.vn', 'quangbdsm', 'Hồ Nhật Quang', '$2b$10$se67NSkwJ1zSMiMwOohcLebuGwtFdm1QT30D1lxZbmIhXtQSWs1Kq', 'US', '2003-05-16', 'Male', '0386603167', 'BCoin Miền Đông', NULL, NULL, '2023-10-20 18:43:19', '2023-10-20 18:43:19', NULL, NULL, NULL, '567890123456 ', 'VietinBank');
INSERT INTO `users` (`id`, `email`, `userName`, `fullName`, `password`, `role`, `dob`, `gender`, `phoneNumber`, `address`, `rate`, `avatar`, `createdAt`, `updatedAt`, `status`, `bio`, `ban`, `STK`, `bank`) VALUES
(15, 'phatltse170241@fpt.edu.vn', 'phathihi', 'Lâm Tấn Phát', '$2b$10$gRRq9Xof0HQAVZYkq.3.lOk68dlqIljS68JLVOXlm/F8Jr.LApkh.', 'US', '2003-02-22', 'Male', '0838922554', 'S501 Vinhomes Grand Park', NULL, NULL, '2023-10-20 18:49:43', '2023-10-20 18:49:43', NULL, NULL, NULL, '456789012345 ', 'Vietcombank'),
(21, 'thangbinhbeo2105@gmail.com', 'Binh', 'Trinh Xuan Binh', '', 'US', '2003-05-21', 'Male', '0838097512', NULL, NULL, NULL, '2023-10-27 02:33:12', '2023-11-27 06:45:31', NULL, NULL, 'thieu', '678901234567', 'Sacombank'),
(42, 'staff@gmail.com', NULL, 'Staff', '$2b$10$FFLMStCdJtSBzl8X77Kg5OaYeCEuo1dmw4T8KNLl.368uvJb1qf/u', 'SF', NULL, NULL, NULL, NULL, NULL, NULL, '2023-11-08 06:17:52', '2023-11-08 06:17:52', NULL, NULL, NULL, '', ''),
(44, 'vietvyqw@gmail.com', 'vietvy2003', 'Nguyen Mai Viet Vy', '$2b$10$FEJ2.Bn19ysB13MKphsmoeV3/8UVhCdJ4ILSWFpNCI/jKWK5ujYgm', 'US', '2003-10-14', 'Male', '0913607875', NULL, NULL, NULL, '2023-11-14 16:51:22', '2023-11-18 17:58:30', NULL, NULL, NULL, '901234567890 ', 'MB Bank'),
(45, 'locntpse170228@fpt.edu.vn', 'Min', 'Nguyễn Thụy Phúc Lộc', '$2b$10$VOSxg3NYV8H8hZuPTRc.JuvRcqQfCu6xEtMHEPr79kw4gtl7WAFau', 'US', '2003-07-12', 'FMale', '0822050673', '15A Tân Hòa 2, Hiệp Phú, quận 9', NULL, NULL, '2023-11-14 20:55:45', '2023-11-14 20:55:45', NULL, NULL, NULL, '789012345678', 'PVcomBank'),
(46, 'quangdodoc@gmail.com', 'siu', 'Wang', '', 'US', '2023-11-07', 'Male', '0386603167', NULL, NULL, NULL, '2023-11-15 14:21:13', '2023-11-15 14:27:12', NULL, NULL, NULL, '678901234567', 'TPBank'),
(57, 'tphatt22@gmail.com', 'Fat', 'Lam Tan Phat', '$2b$10$n92rJ9BL0XHzwNYRLWh5AezsUsa4LqBEB7ATtDj7VuI6SPbsAJ4F2', 'US', '2003-02-22', 'Different', '0838922554', NULL, NULL, NULL, '2023-11-17 20:56:10', '2023-11-27 06:46:53', NULL, NULL, 'ok', '345012678901 ', 'VIB'),
(63, 'vynmvse170255@fpt.edu.vn', 'vietvy2003', 'Nguyen Mai Viet Vy', '$2b$10$nTU6v/.M7G4dJzfUTnPRguZm5S/TEXlHJ7ndnhIkNfX95j0yptxwO', 'US', '2003-10-14', 'Different', '0329734149', NULL, NULL, NULL, '2023-11-17 22:12:58', '2023-11-17 22:14:08', NULL, NULL, NULL, '789345012678 ', 'VPBank'),
(64, 'kennyjamqw@gmail.com', 'vietvy2003', 'Nguyen Mai Viet Vy', '$2b$10$AAbENdFfuJJwqONyx5Vm4OLu1wjGuAH5s995CISknV1LBaidxwMGW', 'US', '2003-12-20', 'Male', '0329734149', NULL, NULL, NULL, '2023-11-17 22:44:42', '2023-11-18 19:01:48', NULL, NULL, NULL, '456789012345', 'VietCapitalBank'),
(70, 'passmonne@gmail.com', 'La laaaaaa', 'Hihi', '$2b$10$BLv91ykkSIBFwMW8UwflJuinJKsfnR5W9o4n5O2mgAHAwQ4PK3rYS', 'US', NULL, NULL, NULL, NULL, NULL, NULL, '2023-11-20 09:30:33', '2023-11-27 03:30:08', NULL, NULL, 'Thieu dateofbirth', '345678901234 ', 'DongA Bank'),
(72, 'binhbeopro1122@gmail.com', 'thangbinhbeo2', 'BINF DA POET', '', 'US', '2003-05-21', 'Male', '0838097512', NULL, NULL, NULL, '2023-11-24 19:15:22', '2023-11-24 19:16:31', NULL, NULL, NULL, '', NULL),
(73, 'admin@gmail.com', NULL, NULL, '$2b$10$wCXqHlaaAjTeKg0bJRn/aOTHFU17LdbSY15HmEXCrheDGperE41BK', 'AD', NULL, NULL, NULL, NULL, NULL, NULL, '2023-11-27 02:56:32', '2023-11-27 02:56:32', NULL, NULL, NULL, '', NULL),
(74, 'staff3@gmail.com', NULL, NULL, '$2b$10$/6G1QGbrTOhvg4ccXmCPOe/6V9Gevi/95CC7d2QByg869QSe.IA.m', 'SF', NULL, NULL, NULL, NULL, NULL, NULL, '2023-11-27 08:16:09', '2023-11-27 08:16:09', NULL, NULL, NULL, '', NULL),
(75, 'staff4@gmail.com', NULL, NULL, '$2b$10$Iril/nMf6TDAjc1rB/miDum0KZ4oAe1bodCBVZI4dfP6Fr.SPJlbe', 'SF', NULL, NULL, NULL, NULL, NULL, NULL, '2023-11-27 08:17:28', '2023-11-27 08:17:28', NULL, NULL, NULL, '', NULL),
(76, 'staff5@gmail.com', NULL, NULL, '$2b$10$1d3Qxfh4SXWLXEqN7W274.Y03zb6i6qAfN4icjt1UwoPZtkDVGn0m', 'SF', NULL, NULL, NULL, NULL, NULL, NULL, '2023-11-27 08:18:20', '2023-11-27 08:18:20', NULL, NULL, NULL, '', NULL),
(77, 'staff6@gmail.com', NULL, NULL, '$2b$10$lKcwQw2XzYAd0d5yRo3oxOt7ibrG37MlCvSO7Nd4vPxSc7RS42Eaq', 'SF', NULL, NULL, NULL, NULL, NULL, NULL, '2023-11-27 08:19:04', '2023-11-27 08:19:04', NULL, NULL, NULL, '', NULL),
(78, 'staff7@gmail.com', NULL, NULL, '$2b$10$yhkKS./65Wh1mwQhY7j95O8LjfAXxtjk6OAFbrJth218g1Tnj50AK', 'SF', NULL, NULL, NULL, NULL, NULL, NULL, '2023-11-27 08:19:49', '2023-11-27 08:19:49', NULL, NULL, NULL, '', NULL),
(79, 'staff8@gmail.com', NULL, NULL, '$2b$10$MHAadKR.1utmTwZUyfT4iep1rG.v767996ZzrtPW.ksSUoMNtmfXO', 'SF', NULL, NULL, NULL, NULL, NULL, NULL, '2023-11-27 08:20:30', '2023-11-27 08:20:30', NULL, NULL, NULL, '', NULL),
(80, 'staff9@gmail.com', NULL, NULL, '$2b$10$a9S4dsAw8EX2dvf4henLQ.5zsmXXZd6ukOZYiGLXKUhNsS4E3XhE2', 'SF', NULL, NULL, NULL, NULL, NULL, NULL, '2023-11-27 08:21:10', '2023-11-27 08:21:10', NULL, NULL, NULL, '', NULL),
(81, 'staff10@gmail.com', NULL, NULL, '$2b$10$PbJ4/yoiRAxJ4DSy9L2wDeE97Bi3x50LWLZjqN9aoRlHUhDESKoTe', 'SF', NULL, NULL, NULL, NULL, NULL, NULL, '2023-11-27 08:22:02', '2023-11-27 08:22:02', NULL, NULL, NULL, '', NULL);


/*!40101 SET SQL_MODE=@OLD_SQL_MODE */;
/*!40014 SET FOREIGN_KEY_CHECKS=@OLD_FOREIGN_KEY_CHECKS */;
/*!40014 SET UNIQUE_CHECKS=@OLD_UNIQUE_CHECKS */;
/*!40101 SET CHARACTER_SET_CLIENT=@OLD_CHARACTER_SET_CLIENT */;
/*!40101 SET CHARACTER_SET_RESULTS=@OLD_CHARACTER_SET_RESULTS */;
/*!40101 SET COLLATION_CONNECTION=@OLD_COLLATION_CONNECTION */;
/*!40111 SET SQL_NOTES=@OLD_SQL_NOTES */;